[13:42:32] [modloading-worker-0/INFO] ========================================
[13:42:32] [modloading-worker-0/INFO] Minecraft: 26.1.2
[13:42:32] [modloading-worker-0/INFO] Side: client
[13:42:32] [modloading-worker-0/INFO] Development: true
[13:42:32] [modloading-worker-0/INFO] Version: 26.1.819
[13:42:32] [modloading-worker-0/INFO] Loader:
[13:42:32] [modloading-worker-0/INFO] - Forge: null
[13:42:32] [modloading-worker-0/INFO] Dependencies:
[13:42:32] [modloading-worker-0/INFO] - Cloth Config: 26.1.154
[13:42:32] [modloading-worker-0/INFO] - Architectury: 20.0.4
[13:42:32] [modloading-worker-0/INFO] Mixin: 0.8.7
[13:42:32] [modloading-worker-0/INFO] OS: Windows 11 10.0 (amd64)
[13:42:32] [modloading-worker-0/INFO] Java: 25.0.4.1 (Eclipse Adoptium)
[13:42:32] [modloading-worker-0/INFO] ========================================
[13:42:32] [modloading-worker-0/INFO] Mods:
[13:42:32] [modloading-worker-0/INFO] - architectury: 20.0.4
[13:42:32] [modloading-worker-0/INFO] - cloth_config: 26.1.154
[13:42:32] [modloading-worker-0/INFO] - jade: 26.1.10+neoforge
[13:42:32] [modloading-worker-0/INFO] - jomender: 1.0-SNAPSHOT
[13:42:32] [modloading-worker-0/INFO] - minecraft: 26.1.2
[13:42:32] [modloading-worker-0/INFO] - neoforge: 26.1.2.39-beta
[13:42:32] [modloading-worker-0/INFO] - roughlyenoughitems: 26.1.819
[13:42:32] [modloading-worker-0/INFO] ========================================
[13:42:32] [modloading-worker-0/DEBUG] [REI] Added filtering rule [roughlyenoughitems:search]: INSTANCE
[13:42:32] [modloading-worker-0/DEBUG] [REI] Added filtering rule [roughlyenoughitems:manual]: INSTANCE
[13:42:32] [modloading-worker-0/DEBUG] [REI] Added filtering rule [roughlyenoughitems:basic]: INSTANCE
[13:42:33] [modloading-worker-0/INFO] [REI] Config loaded
[13:42:33] [modloading-worker-0/DEBUG] [REI] Config saved
[13:42:33] [modloading-worker-0/DEBUG] [REI] Config saved
[13:42:33] [modloading-worker-0/DEBUG] [REI] Config saved
[13:42:33] [modloading-worker-0/INFO] [REI] Registered plugin provider DefaultPluginImpl [roughlyenoughitems] for REICommonPlugin
[13:42:33] [modloading-worker-0/INFO] [REI] Registered plugin provider DefaultRuntimePlugin [roughlyenoughitems] for REICommonPlugin
[13:42:33] [modloading-worker-0/INFO] [REI] Registered plugin provider DefaultClientPluginImpl [roughlyenoughitems] for REIClientPlugin
[13:42:33] [modloading-worker-0/INFO] [REI] Registered plugin provider DefaultClientRuntimePlugin [roughlyenoughitems] for REIClientPlugin
[13:42:33] [modloading-worker-0/DEBUG] [REI] Added filtering rule [roughlyenoughitems:hidden_from_recipe_viewers]: INSTANCE
[13:42:33] [modloading-worker-0/INFO] [REI] Registered plugin provider HideIngredientsFromTagsPlugin [roughlyenoughitems] for REIClientPlugin
[13:42:41] [Worker-Main-22/DEBUG] [REI] Processed 52 tags in 102.8 μs for minecraft:entity_type
[13:42:41] [Worker-Main-22/DEBUG] [REI] Processed 467 tags in 499.8 μs for minecraft:item
[13:42:41] [Worker-Main-22/DEBUG] [REI] Processed 5 tags in 30.00 μs for minecraft:game_event
[13:42:41] [Worker-Main-22/DEBUG] [REI] Processed 9 tags in 13.20 μs for minecraft:fluid
[13:42:41] [Worker-Main-22/DEBUG] [REI] Processed 373 tags in 679.1 μs for minecraft:block
[13:42:41] [Worker-Main-22/DEBUG] [REI] Processed 2 tags in 13.80 μs for minecraft:potion
[13:42:41] [Worker-Main-22/DEBUG] [REI] Processed 3 tags in 6.300 μs for minecraft:point_of_interest_type
[13:42:41] [Render thread/DEBUG] [REI] Player quit, clearing reload tasks!
[13:42:41] [Render thread/DEBUG] [REI] Did not fulfill the request of termination of REI reload tasks because there are no uninterrupted running tasks. This is not an error.
[13:42:42] [Server thread/DEBUG] [REI] Player Dev has outdated displays version 0 [latest version: DCD42BA200000000]
[13:42:42] [Server thread/DEBUG] [REI] Player Dev has outdated displays version 0 [latest version: DCD42BA200000000], sending reset packet request.
[13:42:42] [Render thread/DEBUG] [REI] Starting Reload Plugins of stage START
java.lang.Throwable
	at TRANSFORMER/roughlyenoughitems@26.1.819/me.shedaniel.rei.impl.common.plugins.ReloadManagerImpl.reloadPlugins(ReloadManagerImpl.java:110)
	at TRANSFORMER/roughlyenoughitems@26.1.819/me.shedaniel.rei.RoughlyEnoughItemsCoreClient.reloadPlugins(RoughlyEnoughItemsCoreClient.java:532)
	at TRANSFORMER/roughlyenoughitems@26.1.819/me.shedaniel.rei.RoughlyEnoughItemsCoreClient.lambda$registerEvents$0(RoughlyEnoughItemsCoreClient.java:342)
	at TRANSFORMER/minecraft@26.1.2/net.minecraft.client.multiplayer.ClientPacketListener.handler$zzc000$roughlyenoughitems$handleUpdateRecipes(ClientPacketListener.java:3100)
	at TRANSFORMER/minecraft@26.1.2/net.minecraft.client.multiplayer.ClientPacketListener.handleUpdateRecipes(ClientPacketListener.java)
	at TRANSFORMER/minecraft@26.1.2/net.minecraft.network.protocol.game.ClientboundUpdateRecipesPacket.handle(ClientboundUpdateRecipesPacket.java:35)
	at TRANSFORMER/minecraft@26.1.2/net.minecraft.network.protocol.game.ClientboundUpdateRecipesPacket.handle(ClientboundUpdateRecipesPacket.java:15)
	at TRANSFORMER/minecraft@26.1.2/net.minecraft.network.PacketProcessor$ListenerAndPacket.handle(PacketProcessor.java:64)
	at TRANSFORMER/minecraft@26.1.2/net.minecraft.network.PacketProcessor.processQueuedPackets(PacketProcessor.java:50)
	at TRANSFORMER/minecraft@26.1.2/net.minecraft.client.Minecraft.runTick(Minecraft.java:1294)
	at TRANSFORMER/minecraft@26.1.2/net.minecraft.client.Minecraft.run(Minecraft.java:940)
	at TRANSFORMER/minecraft@26.1.2/net.minecraft.client.main.Main.main(Main.java:246)
	at net.neoforged.fml.startup.Client.main(Client.java:19)
	at java.base/jdk.internal.reflect.DirectMethodHandleAccessor.invoke(DirectMethodHandleAccessor.java:104)
	at java.base/java.lang.reflect.Method.invoke(Method.java:565)
	at net.neoforged.devlaunch.Main.main(Main.java:57)
[13:42:42] [Render thread/DEBUG] [REI] Starting Reload Plugins of stage END
java.lang.Throwable
	at TRANSFORMER/roughlyenoughitems@26.1.819/me.shedaniel.rei.impl.common.plugins.ReloadManagerImpl.reloadPlugins(ReloadManagerImpl.java:110)
	at TRANSFORMER/roughlyenoughitems@26.1.819/me.shedaniel.rei.RoughlyEnoughItemsCoreClient.reloadPlugins(RoughlyEnoughItemsCoreClient.java:532)
	at TRANSFORMER/roughlyenoughitems@26.1.819/me.shedaniel.rei.RoughlyEnoughItemsCoreClient.reloadPlugins(RoughlyEnoughItemsCoreClient.java:519)
	at TRANSFORMER/roughlyenoughitems@26.1.819/me.shedaniel.rei.RoughlyEnoughItemsCoreClient.lambda$registerEvents$1(RoughlyEnoughItemsCoreClient.java:345)
	at TRANSFORMER/minecraft@26.1.2/net.minecraft.client.multiplayer.ClientPacketListener.handler$zbd001$architectury$handleUpdateRecipes(ClientPacketListener.java:3612)
	at TRANSFORMER/minecraft@26.1.2/net.minecraft.client.multiplayer.ClientPacketListener.handleUpdateRecipes(ClientPacketListener.java:1792)
	at TRANSFORMER/minecraft@26.1.2/net.minecraft.network.protocol.game.ClientboundUpdateRecipesPacket.handle(ClientboundUpdateRecipesPacket.java:35)
	at TRANSFORMER/minecraft@26.1.2/net.minecraft.network.protocol.game.ClientboundUpdateRecipesPacket.handle(ClientboundUpdateRecipesPacket.java:15)
	at TRANSFORMER/minecraft@26.1.2/net.minecraft.network.PacketProcessor$ListenerAndPacket.handle(PacketProcessor.java:64)
	at TRANSFORMER/minecraft@26.1.2/net.minecraft.network.PacketProcessor.processQueuedPackets(PacketProcessor.java:50)
	at TRANSFORMER/minecraft@26.1.2/net.minecraft.client.Minecraft.runTick(Minecraft.java:1294)
	at TRANSFORMER/minecraft@26.1.2/net.minecraft.client.Minecraft.run(Minecraft.java:940)
	at TRANSFORMER/minecraft@26.1.2/net.minecraft.client.main.Main.main(Main.java:246)
	at net.neoforged.fml.startup.Client.main(Client.java:19)
	at java.base/jdk.internal.reflect.DirectMethodHandleAccessor.invoke(DirectMethodHandleAccessor.java:104)
	at java.base/java.lang.reflect.Method.invoke(Method.java:565)
	at net.neoforged.devlaunch.Main.main(Main.java:57)
[13:42:42] [Render thread/WARN] [REI] Found 1 existing reload task(s) after trying to terminate them!
[13:42:42] [REI-ReloadPlugins/DEBUG] [REI] ========================================
[13:42:42] [REI-ReloadPlugins/DEBUG] [REI] REICommonPlugin starting pre-reload for START.
[13:42:42] [REI-ReloadPlugins/DEBUG] [REI] Reloadables (9):
[13:42:42] [REI-ReloadPlugins/DEBUG] [REI]  - SlotAccessorRegistryImpl
[13:42:42] [REI-ReloadPlugins/DEBUG] [REI]  - EntryTypeRegistryImpl
[13:42:42] [REI-ReloadPlugins/DEBUG] [REI]  - EntrySettingsAdapterRegistryImpl
[13:42:42] [REI-ReloadPlugins/DEBUG] [REI]  - ItemComparatorRegistryImpl
[13:42:42] [REI-ReloadPlugins/DEBUG] [REI]  - FluidComparatorRegistryImpl
[13:42:42] [REI-ReloadPlugins/DEBUG] [REI]  - DisplaySerializerRegistryImpl
[13:42:42] [REI-ReloadPlugins/DEBUG] [REI]  - ServerDisplayRegistryImpl
[13:42:42] [REI-ReloadPlugins/DEBUG] [REI]  - FluidSupportProviderImpl
[13:42:42] [REI-ReloadPlugins/DEBUG] [REI]  - me.shedaniel.rei.plugin.client.runtime.PluginStageExecutionWatcher$1
[13:42:42] [REI-ReloadPlugins/DEBUG] [REI] Plugins (2):
[13:42:42] [REI-ReloadPlugins/DEBUG] [REI]  - (-100,00) DefaultPluginImpl of DefaultPluginImpl [roughlyenoughitems]
[13:42:42] [REI-ReloadPlugins/DEBUG] [REI]  - (0,00) DefaultRuntimePlugin of DefaultRuntimePlugin [roughlyenoughitems]
[13:42:42] [REI-ReloadPlugins/DEBUG] [REI] ========================================
[13:42:42] [REI-ReloadPlugins/TRACE] [REI] [REICommonPlugin START] Reloading Section: "pre-register/"
[13:42:42] [REI-ReloadPlugins/TRACE] [REI] [REICommonPlugin START] Reloading Section: "pre-register/DefaultPluginImpl of DefaultPluginImpl [roughlyenoughitems]/"
[13:42:42] [REI-ReloadPlugins/TRACE] [REI] [REICommonPlugin START] Reloading Section: "pre-register/DefaultPluginImpl of DefaultPluginImpl [roughlyenoughitems]/" done in 392.0 μs
[13:42:42] [REI-ReloadPlugins/TRACE] [REI] [REICommonPlugin START] Reloading Section: "pre-register/DefaultRuntimePlugin of DefaultRuntimePlugin [roughlyenoughitems]/"
[13:42:42] [REI-ReloadPlugins/TRACE] [REI] [REICommonPlugin START] Reloading Section: "pre-register/DefaultRuntimePlugin of DefaultRuntimePlugin [roughlyenoughitems]/" done in 40.70 μs
[13:42:42] [REI-ReloadPlugins/TRACE] [REI] [REICommonPlugin START] Reloading Section: "pre-register/" done in 4.103 ms
[13:42:42] [REI-ReloadPlugins/TRACE] [REI] [REICommonPlugin START] Reloading Section: "pre-stage/"
[13:42:42] [REI-ReloadPlugins/TRACE] [REI] [REICommonPlugin START] Reloading Section: "pre-stage/SlotAccessorRegistryImpl/"
[13:42:42] [REI-ReloadPlugins/TRACE] [REI] [REICommonPlugin START] Reloading Section: "pre-stage/SlotAccessorRegistryImpl/" done in 186.6 μs
[13:42:42] [REI-ReloadPlugins/TRACE] [REI] [REICommonPlugin START] Reloading Section: "pre-stage/EntryTypeRegistryImpl/"
[13:42:42] [REI-ReloadPlugins/TRACE] [REI] [REICommonPlugin START] Reloading Section: "pre-stage/EntryTypeRegistryImpl/" done in 21.60 μs
[13:42:42] [REI-ReloadPlugins/TRACE] [REI] [REICommonPlugin START] Reloading Section: "pre-stage/EntrySettingsAdapterRegistryImpl/"
[13:42:42] [REI-ReloadPlugins/TRACE] [REI] [REICommonPlugin START] Reloading Section: "pre-stage/EntrySettingsAdapterRegistryImpl/" done in 16.40 μs
[13:42:42] [REI-ReloadPlugins/TRACE] [REI] [REICommonPlugin START] Reloading Section: "pre-stage/ItemComparatorRegistryImpl/"
[13:42:42] [REI-ReloadPlugins/TRACE] [REI] [REICommonPlugin START] Reloading Section: "pre-stage/ItemComparatorRegistryImpl/" done in 13.10 μs
[13:42:42] [REI-ReloadPlugins/TRACE] [REI] [REICommonPlugin START] Reloading Section: "pre-stage/FluidComparatorRegistryImpl/"
[13:42:42] [REI-ReloadPlugins/TRACE] [REI] [REICommonPlugin START] Reloading Section: "pre-stage/FluidComparatorRegistryImpl/" done in 13.80 μs
[13:42:42] [REI-ReloadPlugins/TRACE] [REI] [REICommonPlugin START] Reloading Section: "pre-stage/DisplaySerializerRegistryImpl/"
[13:42:42] [REI-ReloadPlugins/TRACE] [REI] [REICommonPlugin START] Reloading Section: "pre-stage/DisplaySerializerRegistryImpl/" done in 13.50 μs
[13:42:42] [REI-ReloadPlugins/TRACE] [REI] [REICommonPlugin START] Reloading Section: "pre-stage/ServerDisplayRegistryImpl/"
[13:42:42] [REI-ReloadPlugins/TRACE] [REI] [REICommonPlugin START] Reloading Section: "pre-stage/ServerDisplayRegistryImpl/" done in 70.40 μs
[13:42:42] [REI-ReloadPlugins/TRACE] [REI] [REICommonPlugin START] Reloading Section: "pre-stage/FluidSupportProviderImpl/"
[13:42:42] [REI-ReloadPlugins/TRACE] [REI] [REICommonPlugin START] Reloading Section: "pre-stage/FluidSupportProviderImpl/" done in 20.40 μs
[13:42:42] [REI-ReloadPlugins/TRACE] [REI] [REICommonPlugin START] Reloading Section: "pre-stage/me.shedaniel.rei.plugin.client.runtime.PluginStageExecutionWatcher$1/"
[13:42:42] [REI-ReloadPlugins/TRACE] [REI] [REICommonPlugin START] Reloading Section: "pre-stage/me.shedaniel.rei.plugin.client.runtime.PluginStageExecutionWatcher$1/" done in 329.2 μs
[13:42:42] [REI-ReloadPlugins/TRACE] [REI] [REICommonPlugin START] Reloading Section: "pre-stage/" done in 1.282 ms
[13:42:42] [REI-ReloadPlugins/DEBUG] [REI] ========================================
[13:42:42] [REI-ReloadPlugins/DEBUG] [REI] REICommonPlugin finished pre-reload for START in 5.675 ms.
[13:42:42] [REI-ReloadPlugins/DEBUG] [REI] ========================================
[13:42:42] [REI-ReloadPlugins/DEBUG] [REI] ========================================
[13:42:42] [REI-ReloadPlugins/DEBUG] [REI] REIClientPlugin starting pre-reload for START.
[13:42:42] [REI-ReloadPlugins/DEBUG] [REI] Reloadables (18):
[13:42:42] [REI-ReloadPlugins/DEBUG] [REI]  - EntryRendererRegistryImpl
[13:42:42] [REI-ReloadPlugins/DEBUG] [REI]  - ViewsImpl
[13:42:42] [REI-ReloadPlugins/DEBUG] [REI]  - InputMethodRegistryImpl
[13:42:42] [REI-ReloadPlugins/DEBUG] [REI]  - SearchProviderImpl
[13:42:42] [REI-ReloadPlugins/DEBUG] [REI]  - ConfigManagerImpl
[13:42:42] [REI-ReloadPlugins/DEBUG] [REI]  - EntryRegistryImpl
[13:42:42] [REI-ReloadPlugins/DEBUG] [REI]  - CollapsibleEntryRegistryImpl
[13:42:42] [REI-ReloadPlugins/DEBUG] [REI]  - BasicFilteringRuleImpl
[13:42:42] [REI-ReloadPlugins/DEBUG] [REI]  - CategoryRegistryImpl
[13:42:42] [REI-ReloadPlugins/DEBUG] [REI]  - DisplayRegistryImpl
[13:42:42] [REI-ReloadPlugins/DEBUG] [REI]  - ScreenRegistryImpl
[13:42:42] [REI-ReloadPlugins/DEBUG] [REI]  - FavoriteEntryTypeRegistryImpl
[13:42:42] [REI-ReloadPlugins/DEBUG] [REI]  - SubsetsRegistryImpl
[13:42:42] [REI-ReloadPlugins/DEBUG] [REI]  - TransferHandlerRegistryImpl
[13:42:42] [REI-ReloadPlugins/DEBUG] [REI]  - SearchRuntime
[13:42:42] [REI-ReloadPlugins/DEBUG] [REI]  - REIRuntimeImpl
[13:42:42] [REI-ReloadPlugins/DEBUG] [REI]  - ConfigAddonRegistryImpl
[13:42:42] [REI-ReloadPlugins/DEBUG] [REI]  - me.shedaniel.rei.plugin.client.runtime.PluginStageExecutionWatcher$1
[13:42:42] [REI-ReloadPlugins/DEBUG] [REI] Plugins (3):
[13:42:42] [REI-ReloadPlugins/DEBUG] [REI]  - (-100,00) DefaultClientPluginImpl of DefaultClientPluginImpl [roughlyenoughitems]
[13:42:42] [REI-ReloadPlugins/DEBUG] [REI]  - (0,00) HideIngredientsFromTagsPlugin of HideIngredientsFromTagsPlugin [roughlyenoughitems]
[13:42:42] [REI-ReloadPlugins/DEBUG] [REI]  - (0,00) DefaultClientRuntimePlugin of DefaultClientRuntimePlugin [roughlyenoughitems]
[13:42:42] [REI-ReloadPlugins/DEBUG] [REI] ========================================
[13:42:42] [REI-ReloadPlugins/TRACE] [REI] [REIClientPlugin START] Reloading Section: "pre-register/"
[13:42:42] [REI-ReloadPlugins/TRACE] [REI] [REIClientPlugin START] Reloading Section: "pre-register/DefaultClientPluginImpl of DefaultClientPluginImpl [roughlyenoughitems]/"
[13:42:42] [REI-ReloadPlugins/TRACE] [REI] [REIClientPlugin START] Reloading Section: "pre-register/DefaultClientPluginImpl of DefaultClientPluginImpl [roughlyenoughitems]/" done in 22.20 μs
[13:42:42] [REI-ReloadPlugins/TRACE] [REI] [REIClientPlugin START] Reloading Section: "pre-register/HideIngredientsFromTagsPlugin of HideIngredientsFromTagsPlugin [roughlyenoughitems]/"
[13:42:42] [REI-ReloadPlugins/TRACE] [REI] [REIClientPlugin START] Reloading Section: "pre-register/HideIngredientsFromTagsPlugin of HideIngredientsFromTagsPlugin [roughlyenoughitems]/" done in 17.40 μs
[13:42:42] [REI-ReloadPlugins/TRACE] [REI] [REIClientPlugin START] Reloading Section: "pre-register/DefaultClientRuntimePlugin of DefaultClientRuntimePlugin [roughlyenoughitems]/"
[13:42:42] [REI-ReloadPlugins/TRACE] [REI] [REIClientPlugin START] Reloading Section: "pre-register/DefaultClientRuntimePlugin of DefaultClientRuntimePlugin [roughlyenoughitems]/" done in 17.70 μs
[13:42:42] [REI-ReloadPlugins/TRACE] [REI] [REIClientPlugin START] Reloading Section: "pre-register/" done in 275.6 μs
[13:42:42] [REI-ReloadPlugins/TRACE] [REI] [REIClientPlugin START] Reloading Section: "pre-stage/"
[13:42:42] [REI-ReloadPlugins/TRACE] [REI] [REIClientPlugin START] Reloading Section: "pre-stage/EntryRendererRegistryImpl/"
[13:42:42] [REI-ReloadPlugins/TRACE] [REI] [REIClientPlugin START] Reloading Section: "pre-stage/EntryRendererRegistryImpl/" done in 17.00 μs
[13:42:42] [REI-ReloadPlugins/TRACE] [REI] [REIClientPlugin START] Reloading Section: "pre-stage/ViewsImpl/"
[13:42:42] [REI-ReloadPlugins/TRACE] [REI] [REIClientPlugin START] Reloading Section: "pre-stage/ViewsImpl/" done in 13.60 μs
[13:42:42] [REI-ReloadPlugins/TRACE] [REI] [REIClientPlugin START] Reloading Section: "pre-stage/InputMethodRegistryImpl/"
[13:42:42] [REI-ReloadPlugins/TRACE] [REI] [REIClientPlugin START] Reloading Section: "pre-stage/InputMethodRegistryImpl/" done in 15.40 μs
[13:42:42] [REI-ReloadPlugins/TRACE] [REI] [REIClientPlugin START] Reloading Section: "pre-stage/SearchProviderImpl/"
[13:42:42] [REI-ReloadPlugins/TRACE] [REI] [REIClientPlugin START] Reloading Section: "pre-stage/SearchProviderImpl/" done in 14.20 μs
[13:42:42] [REI-ReloadPlugins/TRACE] [REI] [REIClientPlugin START] Reloading Section: "pre-stage/ConfigManagerImpl/"
[13:42:42] [REI-ReloadPlugins/TRACE] [REI] [REIClientPlugin START] Reloading Section: "pre-stage/ConfigManagerImpl/" done in 13.80 μs
[13:42:42] [REI-ReloadPlugins/TRACE] [REI] [REIClientPlugin START] Reloading Section: "pre-stage/EntryRegistryImpl/"
[13:42:42] [REI-ReloadPlugins/TRACE] [REI] [REIClientPlugin START] Reloading Section: "pre-stage/EntryRegistryImpl/" done in 14.30 μs
[13:42:42] [REI-ReloadPlugins/TRACE] [REI] [REIClientPlugin START] Reloading Section: "pre-stage/CollapsibleEntryRegistryImpl/"
[13:42:42] [REI-ReloadPlugins/TRACE] [REI] [REIClientPlugin START] Reloading Section: "pre-stage/CollapsibleEntryRegistryImpl/" done in 35.80 μs
[13:42:42] [REI-ReloadPlugins/TRACE] [REI] [REIClientPlugin START] Reloading Section: "pre-stage/BasicFilteringRuleImpl/"
[13:42:42] [REI-ReloadPlugins/TRACE] [REI] [REIClientPlugin START] Reloading Section: "pre-stage/BasicFilteringRuleImpl/" done in 11.40 μs
[13:42:42] [REI-ReloadPlugins/TRACE] [REI] [REIClientPlugin START] Reloading Section: "pre-stage/CategoryRegistryImpl/"
[13:42:42] [REI-ReloadPlugins/TRACE] [REI] [REIClientPlugin START] Reloading Section: "pre-stage/CategoryRegistryImpl/" done in 9.700 μs
[13:42:42] [REI-ReloadPlugins/TRACE] [REI] [REIClientPlugin START] Reloading Section: "pre-stage/DisplayRegistryImpl/"
[13:42:42] [REI-ReloadPlugins/TRACE] [REI] [REIClientPlugin START] Reloading Section: "pre-stage/DisplayRegistryImpl/" done in 9.000 μs
[13:42:42] [REI-ReloadPlugins/TRACE] [REI] [REIClientPlugin START] Reloading Section: "pre-stage/ScreenRegistryImpl/"
[13:42:42] [REI-ReloadPlugins/TRACE] [REI] [REIClientPlugin START] Reloading Section: "pre-stage/ScreenRegistryImpl/" done in 10.60 μs
[13:42:42] [REI-ReloadPlugins/TRACE] [REI] [REIClientPlugin START] Reloading Section: "pre-stage/FavoriteEntryTypeRegistryImpl/"
[13:42:42] [REI-ReloadPlugins/TRACE] [REI] [REIClientPlugin START] Reloading Section: "pre-stage/FavoriteEntryTypeRegistryImpl/" done in 10.40 μs
[13:42:42] [REI-ReloadPlugins/TRACE] [REI] [REIClientPlugin START] Reloading Section: "pre-stage/SubsetsRegistryImpl/"
[13:42:42] [REI-ReloadPlugins/TRACE] [REI] [REIClientPlugin START] Reloading Section: "pre-stage/SubsetsRegistryImpl/" done in 9.100 μs
[13:42:42] [REI-ReloadPlugins/TRACE] [REI] [REIClientPlugin START] Reloading Section: "pre-stage/TransferHandlerRegistryImpl/"
[13:42:42] [REI-ReloadPlugins/TRACE] [REI] [REIClientPlugin START] Reloading Section: "pre-stage/TransferHandlerRegistryImpl/" done in 9.200 μs
[13:42:42] [REI-ReloadPlugins/TRACE] [REI] [REIClientPlugin START] Reloading Section: "pre-stage/SearchRuntime/"
[13:42:42] [REI-ReloadPlugins/TRACE] [REI] [REIClientPlugin START] Reloading Section: "pre-stage/SearchRuntime/" done in 20.50 μs
[13:42:42] [REI-ReloadPlugins/TRACE] [REI] [REIClientPlugin START] Reloading Section: "pre-stage/REIRuntimeImpl/"
[13:42:42] [REI-ReloadPlugins/TRACE] [REI] [REIClientPlugin START] Reloading Section: "pre-stage/REIRuntimeImpl/" done in 14.80 μs
[13:42:42] [REI-ReloadPlugins/TRACE] [REI] [REIClientPlugin START] Reloading Section: "pre-stage/ConfigAddonRegistryImpl/"
[13:42:42] [REI-ReloadPlugins/TRACE] [REI] [REIClientPlugin START] Reloading Section: "pre-stage/ConfigAddonRegistryImpl/" done in 9.600 μs
[13:42:42] [REI-ReloadPlugins/TRACE] [REI] [REIClientPlugin START] Reloading Section: "pre-stage/me.shedaniel.rei.plugin.client.runtime.PluginStageExecutionWatcher$1/"
[13:42:42] [REI-ReloadPlugins/TRACE] [REI] [REIClientPlugin START] Reloading Section: "pre-stage/me.shedaniel.rei.plugin.client.runtime.PluginStageExecutionWatcher$1/" done in 13.20 μs
[13:42:42] [REI-ReloadPlugins/TRACE] [REI] [REIClientPlugin START] Reloading Section: "pre-stage/" done in 1.027 ms
[13:42:42] [REI-ReloadPlugins/DEBUG] [REI] ========================================
[13:42:42] [REI-ReloadPlugins/DEBUG] [REI] REIClientPlugin finished pre-reload for START in 1.387 ms.
[13:42:42] [REI-ReloadPlugins/DEBUG] [REI] ========================================
[13:42:42] [REI-ReloadPlugins/INFO] [REI] ~~~~~~~~~~~~~~~~~~~~~~~~~~~~~~~~~~~~~~~~
[13:42:42] [REI-ReloadPlugins/INFO] [REI] REICommonPlugin starting main-reload for START.
[13:42:42] [REI-ReloadPlugins/DEBUG] [REI] Reloadables (9):
[13:42:42] [REI-ReloadPlugins/DEBUG] [REI]  - SlotAccessorRegistryImpl
[13:42:42] [REI-ReloadPlugins/DEBUG] [REI]  - EntryTypeRegistryImpl
[13:42:42] [REI-ReloadPlugins/DEBUG] [REI]  - EntrySettingsAdapterRegistryImpl
[13:42:42] [REI-ReloadPlugins/DEBUG] [REI]  - ItemComparatorRegistryImpl
[13:42:42] [REI-ReloadPlugins/DEBUG] [REI]  - FluidComparatorRegistryImpl
[13:42:42] [REI-ReloadPlugins/DEBUG] [REI]  - DisplaySerializerRegistryImpl
[13:42:42] [REI-ReloadPlugins/DEBUG] [REI]  - ServerDisplayRegistryImpl
[13:42:42] [REI-ReloadPlugins/DEBUG] [REI]  - FluidSupportProviderImpl
[13:42:42] [REI-ReloadPlugins/DEBUG] [REI]  - me.shedaniel.rei.plugin.client.runtime.PluginStageExecutionWatcher$1
[13:42:42] [REI-ReloadPlugins/INFO] [REI] Plugins (2):
[13:42:42] [REI-ReloadPlugins/INFO] [REI]  - (-100,00) DefaultPluginImpl of DefaultPluginImpl [roughlyenoughitems]
[13:42:42] [REI-ReloadPlugins/INFO] [REI]  - (0,00) DefaultRuntimePlugin of DefaultRuntimePlugin [roughlyenoughitems]
[13:42:42] [REI-ReloadPlugins/INFO] [REI] ~~~~~~~~~~~~~~~~~~~~~~~~~~~~~~~~~~~~~~~~
[13:42:42] [REI-ReloadPlugins/TRACE] [REI] [REICommonPlugin START] Reloading Section: "start-reload/"
[13:42:42] [REI-ReloadPlugins/TRACE] [REI] [REICommonPlugin START] Reloading Section: "start-reload/SlotAccessorRegistryImpl/"
[13:42:42] [REI-ReloadPlugins/TRACE] [REI] [REICommonPlugin START] Reloading Section: "start-reload/SlotAccessorRegistryImpl/" done in 16.00 μs
[13:42:42] [REI-ReloadPlugins/TRACE] [REI] [REICommonPlugin START] Reloading Section: "start-reload/EntryTypeRegistryImpl/"
[13:42:42] [REI-ReloadPlugins/TRACE] [REI] [REICommonPlugin START] Reloading Section: "start-reload/EntryTypeRegistryImpl/" done in 26.50 μs
[13:42:42] [REI-ReloadPlugins/TRACE] [REI] [REICommonPlugin START] Reloading Section: "start-reload/EntrySettingsAdapterRegistryImpl/"
[13:42:42] [REI-ReloadPlugins/TRACE] [REI] [REICommonPlugin START] Reloading Section: "start-reload/EntrySettingsAdapterRegistryImpl/" done in 24.10 μs
[13:42:42] [REI-ReloadPlugins/TRACE] [REI] [REICommonPlugin START] Reloading Section: "start-reload/ItemComparatorRegistryImpl/"
[13:42:42] [REI-ReloadPlugins/TRACE] [REI] [REICommonPlugin START] Reloading Section: "start-reload/ItemComparatorRegistryImpl/" done in 12.50 μs
[13:42:42] [REI-ReloadPlugins/TRACE] [REI] [REICommonPlugin START] Reloading Section: "start-reload/FluidComparatorRegistryImpl/"
[13:42:42] [REI-ReloadPlugins/TRACE] [REI] [REICommonPlugin START] Reloading Section: "start-reload/FluidComparatorRegistryImpl/" done in 9.400 μs
[13:42:42] [REI-ReloadPlugins/TRACE] [REI] [REICommonPlugin START] Reloading Section: "start-reload/DisplaySerializerRegistryImpl/"
[13:42:42] [REI-ReloadPlugins/TRACE] [REI] [REICommonPlugin START] Reloading Section: "start-reload/DisplaySerializerRegistryImpl/" done in 11.10 μs
[13:42:42] [REI-ReloadPlugins/TRACE] [REI] [REICommonPlugin START] Reloading Section: "start-reload/ServerDisplayRegistryImpl/"
[13:42:42] [REI-ReloadPlugins/TRACE] [REI] [REICommonPlugin START] Reloading Section: "start-reload/ServerDisplayRegistryImpl/" done in 9.200 μs
[13:42:42] [REI-ReloadPlugins/TRACE] [REI] [REICommonPlugin START] Reloading Section: "start-reload/FluidSupportProviderImpl/"
[13:42:42] [REI-ReloadPlugins/TRACE] [REI] [REICommonPlugin START] Reloading Section: "start-reload/FluidSupportProviderImpl/" done in 19.80 μs
[13:42:42] [REI-ReloadPlugins/TRACE] [REI] [REICommonPlugin START] Reloading Section: "start-reload/me.shedaniel.rei.plugin.client.runtime.PluginStageExecutionWatcher$1/"
[13:42:42] [REI-ReloadPlugins/TRACE] [REI] [REICommonPlugin START] Reloading Section: "start-reload/me.shedaniel.rei.plugin.client.runtime.PluginStageExecutionWatcher$1/" done in 9.000 μs
[13:42:42] [REI-ReloadPlugins/TRACE] [REI] [REICommonPlugin START] Reloading Section: "start-reload/" done in 531.4 μs
[13:42:42] [REI-ReloadPlugins/DEBUG] [REI] ========================================
[13:42:42] [REI-ReloadPlugins/DEBUG] [REI] REICommonPlugin started main-reload for START.
[13:42:42] [REI-ReloadPlugins/DEBUG] [REI] ========================================
[13:42:42] [REI-ReloadPlugins/TRACE] [REI] [REICommonPlugin START] Reloading Section: "reloadable-plugin/SlotAccessorRegistryImpl/"
[13:42:42] [REI-ReloadPlugins/TRACE] [REI] [REICommonPlugin START] Reloading Section: "reloadable-plugin/SlotAccessorRegistryImpl/DefaultPluginImpl of DefaultPluginImpl [roughlyenoughitems]/"
[13:42:42] [REI-ReloadPlugins/TRACE] [REI] [REICommonPlugin START] Reloading Section: "reloadable-plugin/SlotAccessorRegistryImpl/DefaultPluginImpl of DefaultPluginImpl [roughlyenoughitems]/" done in 200.2 μs
[13:42:42] [REI-ReloadPlugins/TRACE] [REI] [REICommonPlugin START] Reloading Section: "reloadable-plugin/SlotAccessorRegistryImpl/DefaultRuntimePlugin of DefaultRuntimePlugin [roughlyenoughitems]/"
[13:42:42] [REI-ReloadPlugins/TRACE] [REI] [REICommonPlugin START] Reloading Section: "reloadable-plugin/SlotAccessorRegistryImpl/DefaultRuntimePlugin of DefaultRuntimePlugin [roughlyenoughitems]/" done in 17.80 μs
[13:42:42] [REI-ReloadPlugins/TRACE] [REI] [REICommonPlugin START] Reloading Section: "reloadable-plugin/SlotAccessorRegistryImpl/" done in 520.5 μs
[13:42:42] [REI-ReloadPlugins/TRACE] [REI] [REICommonPlugin START] Reloading Section: "reloadable-plugin/EntryTypeRegistryImpl/"
[13:42:42] [REI-ReloadPlugins/TRACE] [REI] [REICommonPlugin START] Reloading Section: "reloadable-plugin/EntryTypeRegistryImpl/DefaultPluginImpl of DefaultPluginImpl [roughlyenoughitems]/"
[13:42:42] [REI-ReloadPlugins/TRACE] [REI] [REICommonPlugin START] Reloading Section: "reloadable-plugin/EntryTypeRegistryImpl/DefaultPluginImpl of DefaultPluginImpl [roughlyenoughitems]/" done in 15.70 μs
[13:42:42] [REI-ReloadPlugins/TRACE] [REI] [REICommonPlugin START] Reloading Section: "reloadable-plugin/EntryTypeRegistryImpl/DefaultRuntimePlugin of DefaultRuntimePlugin [roughlyenoughitems]/"
[13:42:42] [REI-ReloadPlugins/TRACE] [REI] [REICommonPlugin START] Reloading Section: "reloadable-plugin/EntryTypeRegistryImpl/DefaultRuntimePlugin of DefaultRuntimePlugin [roughlyenoughitems]/" done in 3.217 ms
[13:42:42] [REI-ReloadPlugins/TRACE] [REI] [REICommonPlugin START] Reloading Section: "reloadable-plugin/EntryTypeRegistryImpl/" done in 3.355 ms
[13:42:42] [REI-ReloadPlugins/TRACE] [REI] [REICommonPlugin START] Reloading Section: "reloadable-plugin/EntrySettingsAdapterRegistryImpl/"
[13:42:42] [REI-ReloadPlugins/TRACE] [REI] [REICommonPlugin START] Reloading Section: "reloadable-plugin/EntrySettingsAdapterRegistryImpl/DefaultPluginImpl of DefaultPluginImpl [roughlyenoughitems]/"
[13:42:42] [REI-ReloadPlugins/TRACE] [REI] [REICommonPlugin START] Reloading Section: "reloadable-plugin/EntrySettingsAdapterRegistryImpl/DefaultPluginImpl of DefaultPluginImpl [roughlyenoughitems]/" done in 28.30 μs
[13:42:42] [REI-ReloadPlugins/TRACE] [REI] [REICommonPlugin START] Reloading Section: "reloadable-plugin/EntrySettingsAdapterRegistryImpl/DefaultRuntimePlugin of DefaultRuntimePlugin [roughlyenoughitems]/"
[13:42:42] [REI-ReloadPlugins/TRACE] [REI] [REICommonPlugin START] Reloading Section: "reloadable-plugin/EntrySettingsAdapterRegistryImpl/DefaultRuntimePlugin of DefaultRuntimePlugin [roughlyenoughitems]/" done in 15.50 μs
[13:42:42] [REI-ReloadPlugins/TRACE] [REI] [REICommonPlugin START] Reloading Section: "reloadable-plugin/EntrySettingsAdapterRegistryImpl/" done in 166.7 μs
[13:42:42] [REI-ReloadPlugins/TRACE] [REI] [REICommonPlugin START] Reloading Section: "reloadable-plugin/ItemComparatorRegistryImpl/"
[13:42:42] [REI-ReloadPlugins/TRACE] [REI] [REICommonPlugin START] Reloading Section: "reloadable-plugin/ItemComparatorRegistryImpl/DefaultPluginImpl of DefaultPluginImpl [roughlyenoughitems]/"
[13:42:42] [REI-ReloadPlugins/TRACE] [REI] [REICommonPlugin START] Reloading Section: "reloadable-plugin/ItemComparatorRegistryImpl/DefaultPluginImpl of DefaultPluginImpl [roughlyenoughitems]/" done in 385.9 μs
[13:42:42] [REI-ReloadPlugins/TRACE] [REI] [REICommonPlugin START] Reloading Section: "reloadable-plugin/ItemComparatorRegistryImpl/DefaultRuntimePlugin of DefaultRuntimePlugin [roughlyenoughitems]/"
[13:42:42] [REI-ReloadPlugins/TRACE] [REI] [REICommonPlugin START] Reloading Section: "reloadable-plugin/ItemComparatorRegistryImpl/DefaultRuntimePlugin of DefaultRuntimePlugin [roughlyenoughitems]/" done in 27.70 μs
[13:42:42] [REI-ReloadPlugins/TRACE] [REI] [REICommonPlugin START] Reloading Section: "reloadable-plugin/ItemComparatorRegistryImpl/" done in 545.8 μs
[13:42:42] [REI-ReloadPlugins/TRACE] [REI] [REICommonPlugin START] Reloading Section: "reloadable-plugin/FluidComparatorRegistryImpl/"
[13:42:42] [REI-ReloadPlugins/TRACE] [REI] [REICommonPlugin START] Reloading Section: "reloadable-plugin/FluidComparatorRegistryImpl/DefaultPluginImpl of DefaultPluginImpl [roughlyenoughitems]/"
[13:42:42] [REI-ReloadPlugins/TRACE] [REI] [REICommonPlugin START] Reloading Section: "reloadable-plugin/FluidComparatorRegistryImpl/DefaultPluginImpl of DefaultPluginImpl [roughlyenoughitems]/" done in 21.70 μs
[13:42:42] [REI-ReloadPlugins/TRACE] [REI] [REICommonPlugin START] Reloading Section: "reloadable-plugin/FluidComparatorRegistryImpl/DefaultRuntimePlugin of DefaultRuntimePlugin [roughlyenoughitems]/"
[13:42:42] [REI-ReloadPlugins/TRACE] [REI] [REICommonPlugin START] Reloading Section: "reloadable-plugin/FluidComparatorRegistryImpl/DefaultRuntimePlugin of DefaultRuntimePlugin [roughlyenoughitems]/" done in 28.50 μs
[13:42:42] [REI-ReloadPlugins/TRACE] [REI] [REICommonPlugin START] Reloading Section: "reloadable-plugin/FluidComparatorRegistryImpl/" done in 151.1 μs
[13:42:42] [REI-ReloadPlugins/TRACE] [REI] [REICommonPlugin START] Reloading Section: "reloadable-plugin/DisplaySerializerRegistryImpl/"
[13:42:42] [REI-ReloadPlugins/TRACE] [REI] [REICommonPlugin START] Reloading Section: "reloadable-plugin/DisplaySerializerRegistryImpl/DefaultPluginImpl of DefaultPluginImpl [roughlyenoughitems]/"
[13:42:42] [REI-ReloadPlugins/DEBUG] [REI] Added display serializer [minecraft:client/crafting/shaped] me.shedaniel.rei.api.common.display.DisplaySerializer$1@e9e7de3
[13:42:42] [REI-ReloadPlugins/DEBUG] [REI] Added display serializer [minecraft:client/crafting/shapeless] me.shedaniel.rei.api.common.display.DisplaySerializer$1@315edf53
[13:42:42] [REI-ReloadPlugins/DEBUG] [REI] Added display serializer [minecraft:client/smelting] me.shedaniel.rei.api.common.display.DisplaySerializer$1@4b4d219c
[13:42:42] [REI-ReloadPlugins/DEBUG] [REI] Added display serializer [minecraft:client/smoking] me.shedaniel.rei.api.common.display.DisplaySerializer$1@5dd1ac98
[13:42:42] [REI-ReloadPlugins/DEBUG] [REI] Added display serializer [minecraft:client/blasting] me.shedaniel.rei.api.common.display.DisplaySerializer$1@4c7cf83f
[13:42:42] [REI-ReloadPlugins/DEBUG] [REI] Added display serializer [minecraft:client/stone_cutting] me.shedaniel.rei.api.common.display.DisplaySerializer$1@202ddaf3
[13:42:42] [REI-ReloadPlugins/DEBUG] [REI] Added display serializer [minecraft:client/smithing] me.shedaniel.rei.api.common.display.DisplaySerializer$1@51e3a91
[13:42:42] [REI-ReloadPlugins/DEBUG] [REI] Added display serializer [minecraft:default/crafting/shaped] me.shedaniel.rei.api.common.display.DisplaySerializer$1@35e7d376
[13:42:42] [REI-ReloadPlugins/DEBUG] [REI] Added display serializer [minecraft:default/crafting/shapeless] me.shedaniel.rei.api.common.display.DisplaySerializer$1@2e82e9ca
[13:42:42] [REI-ReloadPlugins/DEBUG] [REI] Added display serializer [minecraft:default/crafting/custom] me.shedaniel.rei.api.common.display.DisplaySerializer$1@76a1ee26
[13:42:42] [REI-ReloadPlugins/DEBUG] [REI] Added display serializer [minecraft:default/crafting/custom_shaped] me.shedaniel.rei.api.common.display.DisplaySerializer$1@378c00a9
[13:42:42] [REI-ReloadPlugins/DEBUG] [REI] Added display serializer [minecraft:default/crafting/custom_shapeless] me.shedaniel.rei.api.common.display.DisplaySerializer$1@b38dd5e
[13:42:42] [REI-ReloadPlugins/DEBUG] [REI] Added display serializer [minecraft:extension/crafting/map_extending] me.shedaniel.rei.api.common.display.DisplaySerializer$1@6eaada4f
[13:42:42] [REI-ReloadPlugins/DEBUG] [REI] Added display serializer [minecraft:default/smelting] me.shedaniel.rei.api.common.display.DisplaySerializer$1@69a04482
[13:42:42] [REI-ReloadPlugins/DEBUG] [REI] Added display serializer [minecraft:default/smoking] me.shedaniel.rei.api.common.display.DisplaySerializer$1@44907de0
[13:42:43] [REI-ReloadPlugins/DEBUG] [REI] Added display serializer [minecraft:default/blasting] me.shedaniel.rei.api.common.display.DisplaySerializer$1@7c5fa70a
[13:42:43] [REI-ReloadPlugins/DEBUG] [REI] Added display serializer [minecraft:default/campfire] me.shedaniel.rei.api.common.display.DisplaySerializer$1@2937308a
[13:42:43] [REI-ReloadPlugins/DEBUG] [REI] Added display serializer [minecraft:default/stone_cutting] me.shedaniel.rei.api.common.display.DisplaySerializer$1@26202030
[13:42:43] [REI-ReloadPlugins/DEBUG] [REI] Added display serializer [minecraft:default/stripping] me.shedaniel.rei.api.common.display.DisplaySerializer$1@7fef3dc0
[13:42:43] [REI-ReloadPlugins/DEBUG] [REI] Added display serializer [minecraft:default/brewing] me.shedaniel.rei.api.common.display.DisplaySerializer$1@6da29bdb
[13:42:43] [REI-ReloadPlugins/DEBUG] [REI] Added display serializer [minecraft:default/composting] me.shedaniel.rei.api.common.display.DisplaySerializer$1@4c58ea04
[13:42:43] [REI-ReloadPlugins/DEBUG] [REI] Added display serializer [minecraft:default/fuel] me.shedaniel.rei.api.common.display.DisplaySerializer$1@388157bb
[13:42:43] [REI-ReloadPlugins/DEBUG] [REI] Added display serializer [minecraft:default/smithing] me.shedaniel.rei.api.common.display.DisplaySerializer$1@10e68d2e
[13:42:43] [REI-ReloadPlugins/DEBUG] [REI] Added display serializer [minecraft:default/smithing/trimming] me.shedaniel.rei.api.common.display.DisplaySerializer$1@73abd011
[13:42:43] [REI-ReloadPlugins/DEBUG] [REI] Added display serializer [minecraft:default/anvil] me.shedaniel.rei.api.common.display.DisplaySerializer$1@5c4eedbf
[13:42:43] [REI-ReloadPlugins/DEBUG] [REI] Added display serializer [minecraft:default/beacon_base] me.shedaniel.rei.api.common.display.DisplaySerializer$1@521941d2
[13:42:43] [REI-ReloadPlugins/DEBUG] [REI] Added display serializer [minecraft:default/beacon_payment] me.shedaniel.rei.api.common.display.DisplaySerializer$1@57a82fce
[13:42:43] [REI-ReloadPlugins/DEBUG] [REI] Added display serializer [minecraft:default/tilling] me.shedaniel.rei.api.common.display.DisplaySerializer$1@4706987
[13:42:43] [REI-ReloadPlugins/DEBUG] [REI] Added display serializer [minecraft:default/pathing] me.shedaniel.rei.api.common.display.DisplaySerializer$1@32869a01
[13:42:43] [REI-ReloadPlugins/DEBUG] [REI] Added display serializer [minecraft:default/waxing] me.shedaniel.rei.api.common.display.DisplaySerializer$1@12abf8a0
[13:42:43] [REI-ReloadPlugins/DEBUG] [REI] Added display serializer [minecraft:default/waxing_scraping] me.shedaniel.rei.api.common.display.DisplaySerializer$1@4233eaf1
[13:42:43] [REI-ReloadPlugins/DEBUG] [REI] Added display serializer [minecraft:default/oxidizing] me.shedaniel.rei.api.common.display.DisplaySerializer$1@5058ae03
[13:42:43] [REI-ReloadPlugins/DEBUG] [REI] Added display serializer [minecraft:default/oxidizing_scraping] me.shedaniel.rei.api.common.display.DisplaySerializer$1@1cf50f40
[13:42:43] [REI-ReloadPlugins/DEBUG] [REI] Added display serializer [roughlyenoughitems:default/information] me.shedaniel.rei.api.common.display.DisplaySerializer$1@7aa7d92f
[13:42:43] [REI-ReloadPlugins/TRACE] [REI] [REICommonPlugin START] Reloading Section: "reloadable-plugin/DisplaySerializerRegistryImpl/DefaultPluginImpl of DefaultPluginImpl [roughlyenoughitems]/" done in 36.40 ms
[13:42:43] [REI-ReloadPlugins/TRACE] [REI] [REICommonPlugin START] Reloading Section: "reloadable-plugin/DisplaySerializerRegistryImpl/DefaultRuntimePlugin of DefaultRuntimePlugin [roughlyenoughitems]/"
[13:42:43] [REI-ReloadPlugins/TRACE] [REI] [REICommonPlugin START] Reloading Section: "reloadable-plugin/DisplaySerializerRegistryImpl/DefaultRuntimePlugin of DefaultRuntimePlugin [roughlyenoughitems]/" done in 34.20 μs
[13:42:43] [REI-ReloadPlugins/TRACE] [REI] [REICommonPlugin START] Reloading Section: "reloadable-plugin/DisplaySerializerRegistryImpl/" done in 36.63 ms
[13:42:43] [REI-ReloadPlugins/TRACE] [REI] [REICommonPlugin START] Reloading Section: "reloadable-plugin/ServerDisplayRegistryImpl/"
[13:42:43] [REI-ReloadPlugins/TRACE] [REI] [REICommonPlugin START] Reloading Section: "reloadable-plugin/ServerDisplayRegistryImpl/DefaultPluginImpl of DefaultPluginImpl [roughlyenoughitems]/"
[13:42:43] [REI-ReloadPlugins/TRACE] [REI] [REICommonPlugin START] Reloading Section: "reloadable-plugin/ServerDisplayRegistryImpl/DefaultPluginImpl of DefaultPluginImpl [roughlyenoughitems]/" done in 17.10 μs
[13:42:43] [REI-ReloadPlugins/TRACE] [REI] [REICommonPlugin START] Reloading Section: "reloadable-plugin/ServerDisplayRegistryImpl/DefaultRuntimePlugin of DefaultRuntimePlugin [roughlyenoughitems]/"
[13:42:43] [REI-ReloadPlugins/TRACE] [REI] [REICommonPlugin START] Reloading Section: "reloadable-plugin/ServerDisplayRegistryImpl/DefaultRuntimePlugin of DefaultRuntimePlugin [roughlyenoughitems]/" done in 14.00 μs
[13:42:43] [REI-ReloadPlugins/TRACE] [REI] [REICommonPlugin START] Reloading Section: "reloadable-plugin/ServerDisplayRegistryImpl/" done in 124.4 μs
[13:42:43] [REI-ReloadPlugins/TRACE] [REI] [REICommonPlugin START] Reloading Section: "reloadable-plugin/FluidSupportProviderImpl/"
[13:42:43] [REI-ReloadPlugins/TRACE] [REI] [REICommonPlugin START] Reloading Section: "reloadable-plugin/FluidSupportProviderImpl/DefaultPluginImpl of DefaultPluginImpl [roughlyenoughitems]/"
[13:42:43] [REI-ReloadPlugins/TRACE] [REI] [REICommonPlugin START] Reloading Section: "reloadable-plugin/FluidSupportProviderImpl/DefaultPluginImpl of DefaultPluginImpl [roughlyenoughitems]/" done in 420.3 μs
[13:42:43] [REI-ReloadPlugins/TRACE] [REI] [REICommonPlugin START] Reloading Section: "reloadable-plugin/FluidSupportProviderImpl/DefaultRuntimePlugin of DefaultRuntimePlugin [roughlyenoughitems]/"
[13:42:43] [REI-ReloadPlugins/TRACE] [REI] [REICommonPlugin START] Reloading Section: "reloadable-plugin/FluidSupportProviderImpl/DefaultRuntimePlugin of DefaultRuntimePlugin [roughlyenoughitems]/" done in 25.10 μs
[13:42:43] [REI-ReloadPlugins/TRACE] [REI] [REICommonPlugin START] Reloading Section: "reloadable-plugin/FluidSupportProviderImpl/" done in 586.7 μs
[13:42:43] [REI-ReloadPlugins/TRACE] [REI] [REICommonPlugin START] Reloading Section: "reloadable-plugin/me.shedaniel.rei.plugin.client.runtime.PluginStageExecutionWatcher$1/"
[13:42:43] [REI-ReloadPlugins/TRACE] [REI] [REICommonPlugin START] Reloading Section: "reloadable-plugin/me.shedaniel.rei.plugin.client.runtime.PluginStageExecutionWatcher$1/DefaultPluginImpl of DefaultPluginImpl [roughlyenoughitems]/"
[13:42:43] [REI-ReloadPlugins/TRACE] [REI] [REICommonPlugin START] Reloading Section: "reloadable-plugin/me.shedaniel.rei.plugin.client.runtime.PluginStageExecutionWatcher$1/DefaultPluginImpl of DefaultPluginImpl [roughlyenoughitems]/" done in 22.00 μs
[13:42:43] [REI-ReloadPlugins/TRACE] [REI] [REICommonPlugin START] Reloading Section: "reloadable-plugin/me.shedaniel.rei.plugin.client.runtime.PluginStageExecutionWatcher$1/DefaultRuntimePlugin of DefaultRuntimePlugin [roughlyenoughitems]/"
[13:42:43] [REI-ReloadPlugins/TRACE] [REI] [REICommonPlugin START] Reloading Section: "reloadable-plugin/me.shedaniel.rei.plugin.client.runtime.PluginStageExecutionWatcher$1/DefaultRuntimePlugin of DefaultRuntimePlugin [roughlyenoughitems]/" done in 13.20 μs
[13:42:43] [REI-ReloadPlugins/TRACE] [REI] [REICommonPlugin START] Reloading Section: "reloadable-plugin/me.shedaniel.rei.plugin.client.runtime.PluginStageExecutionWatcher$1/" done in 147.3 μs
[13:42:43] [REI-ReloadPlugins/DEBUG] [REI] ========================================
[13:42:43] [REI-ReloadPlugins/DEBUG] [REI] REICommonPlugin ending main-reload for START.
[13:42:43] [REI-ReloadPlugins/DEBUG] [REI] ========================================
[13:42:43] [REI-ReloadPlugins/TRACE] [REI] [REICommonPlugin START] Reloading Section: "end-reload/"
[13:42:43] [REI-ReloadPlugins/TRACE] [REI] [REICommonPlugin START] Reloading Section: "end-reload/SlotAccessorRegistryImpl/"
[13:42:43] [REI-ReloadPlugins/TRACE] [REI] [REICommonPlugin START] Reloading Section: "end-reload/SlotAccessorRegistryImpl/" done in 22.60 μs
[13:42:43] [REI-ReloadPlugins/TRACE] [REI] [REICommonPlugin START] Reloading Section: "end-reload/EntryTypeRegistryImpl/"
[13:42:43] [REI-ReloadPlugins/TRACE] [REI] [REICommonPlugin START] Reloading Section: "end-reload/EntryTypeRegistryImpl/" done in 19.70 μs
[13:42:43] [REI-ReloadPlugins/TRACE] [REI] [REICommonPlugin START] Reloading Section: "end-reload/EntrySettingsAdapterRegistryImpl/"
[13:42:43] [REI-ReloadPlugins/TRACE] [REI] [REICommonPlugin START] Reloading Section: "end-reload/EntrySettingsAdapterRegistryImpl/" done in 20.50 μs
[13:42:43] [REI-ReloadPlugins/TRACE] [REI] [REICommonPlugin START] Reloading Section: "end-reload/ItemComparatorRegistryImpl/"
[13:42:43] [REI-ReloadPlugins/TRACE] [REI] [REICommonPlugin START] Reloading Section: "end-reload/ItemComparatorRegistryImpl/" done in 10.30 μs
[13:42:43] [REI-ReloadPlugins/TRACE] [REI] [REICommonPlugin START] Reloading Section: "end-reload/FluidComparatorRegistryImpl/"
[13:42:43] [REI-ReloadPlugins/TRACE] [REI] [REICommonPlugin START] Reloading Section: "end-reload/FluidComparatorRegistryImpl/" done in 9.500 μs
[13:42:43] [REI-ReloadPlugins/TRACE] [REI] [REICommonPlugin START] Reloading Section: "end-reload/DisplaySerializerRegistryImpl/"
[13:42:43] [REI-ReloadPlugins/TRACE] [REI] [REICommonPlugin START] Reloading Section: "end-reload/DisplaySerializerRegistryImpl/" done in 9.300 μs
[13:42:43] [REI-ReloadPlugins/TRACE] [REI] [REICommonPlugin START] Reloading Section: "end-reload/ServerDisplayRegistryImpl/"
[13:42:43] [REI-ReloadPlugins/TRACE] [REI] [REICommonPlugin START] Reloading Section: "end-reload/ServerDisplayRegistryImpl/" done in 8.400 μs
[13:42:43] [REI-ReloadPlugins/TRACE] [REI] [REICommonPlugin START] Reloading Section: "end-reload/FluidSupportProviderImpl/"
[13:42:43] [REI-ReloadPlugins/TRACE] [REI] [REICommonPlugin START] Reloading Section: "end-reload/FluidSupportProviderImpl/" done in 7.900 μs
[13:42:43] [REI-ReloadPlugins/TRACE] [REI] [REICommonPlugin START] Reloading Section: "end-reload/me.shedaniel.rei.plugin.client.runtime.PluginStageExecutionWatcher$1/"
[13:42:43] [REI-ReloadPlugins/TRACE] [REI] [REICommonPlugin START] Reloading Section: "end-reload/me.shedaniel.rei.plugin.client.runtime.PluginStageExecutionWatcher$1/" done in 8.300 μs
[13:42:43] [REI-ReloadPlugins/TRACE] [REI] [REICommonPlugin START] Reloading Section: "end-reload/" done in 439.9 μs
[13:42:43] [REI-ReloadPlugins/DEBUG] [REI] ========================================
[13:42:43] [REI-ReloadPlugins/DEBUG] [REI] REICommonPlugin ended main-reload for START in 44.80 ms.
[13:42:43] [REI-ReloadPlugins/DEBUG] [REI] ========================================
[13:42:43] [REI-ReloadPlugins/INFO] [REI] ~~~~~~~~~~~~~~~~~~~~~~~~~~~~~~~~~~~~~~~~
[13:42:43] [REI-ReloadPlugins/INFO] [REI] REIClientPlugin starting main-reload for START.
[13:42:43] [REI-ReloadPlugins/DEBUG] [REI] Reloadables (18):
[13:42:43] [REI-ReloadPlugins/DEBUG] [REI]  - EntryRendererRegistryImpl
[13:42:43] [REI-ReloadPlugins/DEBUG] [REI]  - ViewsImpl
[13:42:43] [REI-ReloadPlugins/DEBUG] [REI]  - InputMethodRegistryImpl
[13:42:43] [REI-ReloadPlugins/DEBUG] [REI]  - SearchProviderImpl
[13:42:43] [REI-ReloadPlugins/DEBUG] [REI]  - ConfigManagerImpl
[13:42:43] [REI-ReloadPlugins/DEBUG] [REI]  - EntryRegistryImpl
[13:42:43] [REI-ReloadPlugins/DEBUG] [REI]  - CollapsibleEntryRegistryImpl
[13:42:43] [REI-ReloadPlugins/DEBUG] [REI]  - BasicFilteringRuleImpl
[13:42:43] [REI-ReloadPlugins/DEBUG] [REI]  - CategoryRegistryImpl
[13:42:43] [REI-ReloadPlugins/DEBUG] [REI]  - DisplayRegistryImpl
[13:42:43] [REI-ReloadPlugins/DEBUG] [REI]  - ScreenRegistryImpl
[13:42:43] [REI-ReloadPlugins/DEBUG] [REI]  - FavoriteEntryTypeRegistryImpl
[13:42:43] [REI-ReloadPlugins/DEBUG] [REI]  - SubsetsRegistryImpl
[13:42:43] [REI-ReloadPlugins/DEBUG] [REI]  - TransferHandlerRegistryImpl
[13:42:43] [REI-ReloadPlugins/DEBUG] [REI]  - SearchRuntime
[13:42:43] [REI-ReloadPlugins/DEBUG] [REI]  - REIRuntimeImpl
[13:42:43] [REI-ReloadPlugins/DEBUG] [REI]  - ConfigAddonRegistryImpl
[13:42:43] [REI-ReloadPlugins/DEBUG] [REI]  - me.shedaniel.rei.plugin.client.runtime.PluginStageExecutionWatcher$1
[13:42:43] [REI-ReloadPlugins/INFO] [REI] Plugins (3):
[13:42:43] [REI-ReloadPlugins/INFO] [REI]  - (-100,00) DefaultClientPluginImpl of DefaultClientPluginImpl [roughlyenoughitems]
[13:42:43] [REI-ReloadPlugins/INFO] [REI]  - (0,00) HideIngredientsFromTagsPlugin of HideIngredientsFromTagsPlugin [roughlyenoughitems]
[13:42:43] [REI-ReloadPlugins/INFO] [REI]  - (0,00) DefaultClientRuntimePlugin of DefaultClientRuntimePlugin [roughlyenoughitems]
[13:42:43] [REI-ReloadPlugins/INFO] [REI] ~~~~~~~~~~~~~~~~~~~~~~~~~~~~~~~~~~~~~~~~
[13:42:43] [REI-ReloadPlugins/TRACE] [REI] [REIClientPlugin START] Reloading Section: "start-reload/"
[13:42:43] [REI-ReloadPlugins/TRACE] [REI] [REIClientPlugin START] Reloading Section: "start-reload/EntryRendererRegistryImpl/"
[13:42:43] [REI-ReloadPlugins/TRACE] [REI] [REIClientPlugin START] Reloading Section: "start-reload/EntryRendererRegistryImpl/" done in 11.40 μs
[13:42:43] [REI-ReloadPlugins/TRACE] [REI] [REIClientPlugin START] Reloading Section: "start-reload/ViewsImpl/"
[13:42:43] [REI-ReloadPlugins/TRACE] [REI] [REIClientPlugin START] Reloading Section: "start-reload/ViewsImpl/" done in 9.700 μs
[13:42:43] [REI-ReloadPlugins/TRACE] [REI] [REIClientPlugin START] Reloading Section: "start-reload/InputMethodRegistryImpl/"
[13:42:43] [REI-ReloadPlugins/TRACE] [REI] [REIClientPlugin START] Reloading Section: "start-reload/InputMethodRegistryImpl/" done in 9.500 μs
[13:42:43] [REI-ReloadPlugins/TRACE] [REI] [REIClientPlugin START] Reloading Section: "start-reload/SearchProviderImpl/"
[13:42:43] [REI-ReloadPlugins/TRACE] [REI] [REIClientPlugin START] Reloading Section: "start-reload/SearchProviderImpl/" done in 9.000 μs
[13:42:43] [REI-ReloadPlugins/TRACE] [REI] [REIClientPlugin START] Reloading Section: "start-reload/ConfigManagerImpl/"
[13:42:43] [REI-ReloadPlugins/TRACE] [REI] [REIClientPlugin START] Reloading Section: "start-reload/ConfigManagerImpl/" done in 8.800 μs
[13:42:43] [REI-ReloadPlugins/TRACE] [REI] [REIClientPlugin START] Reloading Section: "start-reload/EntryRegistryImpl/"
[13:42:43] [REI-ReloadPlugins/TRACE] [REI] [REIClientPlugin START] Reloading Section: "start-reload/EntryRegistryImpl/" done in 29.40 μs
[13:42:43] [REI-ReloadPlugins/TRACE] [REI] [REIClientPlugin START] Reloading Section: "start-reload/CollapsibleEntryRegistryImpl/"
[13:42:43] [REI-ReloadPlugins/TRACE] [REI] [REIClientPlugin START] Reloading Section: "start-reload/CollapsibleEntryRegistryImpl/" done in 12.70 μs
[13:42:43] [REI-ReloadPlugins/TRACE] [REI] [REIClientPlugin START] Reloading Section: "start-reload/BasicFilteringRuleImpl/"
[13:42:43] [REI-ReloadPlugins/TRACE] [REI] [REIClientPlugin START] Reloading Section: "start-reload/BasicFilteringRuleImpl/" done in 19.20 μs
[13:42:43] [REI-ReloadPlugins/TRACE] [REI] [REIClientPlugin START] Reloading Section: "start-reload/CategoryRegistryImpl/"
[13:42:43] [REI-ReloadPlugins/TRACE] [REI] [REIClientPlugin START] Reloading Section: "start-reload/CategoryRegistryImpl/" done in 10.90 μs
[13:42:43] [REI-ReloadPlugins/TRACE] [REI] [REIClientPlugin START] Reloading Section: "start-reload/DisplayRegistryImpl/"
[13:42:43] [REI-ReloadPlugins/TRACE] [REI] [REIClientPlugin START] Reloading Section: "start-reload/DisplayRegistryImpl/" done in 8.600 μs
[13:42:43] [REI-ReloadPlugins/TRACE] [REI] [REIClientPlugin START] Reloading Section: "start-reload/ScreenRegistryImpl/"
[13:42:43] [REI-ReloadPlugins/DEBUG] [REI] Added overlay decider: me.shedaniel.rei.impl.client.registry.screen.ExclusionZonesImpl@79774501 [-5,00 priority]
[13:42:43] [REI-ReloadPlugins/DEBUG] [REI] Added overlay decider: me.shedaniel.rei.impl.client.registry.screen.ScreenRegistryImpl$1@451eb467 [-10,00 priority]
[13:42:43] [REI-ReloadPlugins/DEBUG] [REI] Added overlay decider: me.shedaniel.rei.impl.client.registry.screen.ScreenRegistryImpl$2@55c4f9c9 [-10,00 priority]
[13:42:43] [REI-ReloadPlugins/DEBUG] [REI] Added overlay decider: me.shedaniel.rei.impl.client.registry.screen.ScreenRegistryImpl$3@1767c375 [-20,00 priority]
[13:42:43] [REI-ReloadPlugins/DEBUG] [REI] Added focused stack provider: me.shedaniel.rei.impl.client.registry.screen.ScreenRegistryImpl$4@58f7d38f [-10,00 priority]
[13:42:43] [REI-ReloadPlugins/DEBUG] [REI] Added draggable component provider: me.shedaniel.rei.api.client.gui.drag.component.DraggableComponentProviderWidget$1@7f31f0a1 [0,00 priority]
[13:42:43] [REI-ReloadPlugins/DEBUG] [REI] Added draggable component visitor: me.shedaniel.rei.api.client.gui.drag.component.DraggableComponentVisitorWidget$2@67eccb4c [0,00 priority]
[13:42:43] [REI-ReloadPlugins/TRACE] [REI] [REIClientPlugin START] Reloading Section: "start-reload/ScreenRegistryImpl/" done in 2.862 ms
[13:42:43] [REI-ReloadPlugins/TRACE] [REI] [REIClientPlugin START] Reloading Section: "start-reload/FavoriteEntryTypeRegistryImpl/"
[13:42:43] [REI-ReloadPlugins/TRACE] [REI] [REIClientPlugin START] Reloading Section: "start-reload/FavoriteEntryTypeRegistryImpl/" done in 44.60 μs
[13:42:43] [REI-ReloadPlugins/TRACE] [REI] [REIClientPlugin START] Reloading Section: "start-reload/SubsetsRegistryImpl/"
[13:42:43] [REI-ReloadPlugins/TRACE] [REI] [REIClientPlugin START] Reloading Section: "start-reload/SubsetsRegistryImpl/" done in 16.90 μs
[13:42:43] [REI-ReloadPlugins/TRACE] [REI] [REIClientPlugin START] Reloading Section: "start-reload/TransferHandlerRegistryImpl/"
[13:42:43] [REI-ReloadPlugins/TRACE] [REI] [REIClientPlugin START] Reloading Section: "start-reload/TransferHandlerRegistryImpl/" done in 15.40 μs
[13:42:43] [REI-ReloadPlugins/TRACE] [REI] [REIClientPlugin START] Reloading Section: "start-reload/SearchRuntime/"
[13:42:43] [REI-ReloadPlugins/DEBUG] [REI] Preparing collapsed entry groups cache with 0 entries and 0 stacks
[13:42:43] [REI-ReloadPlugins/DEBUG] [REI] Prepared collapsed entry groups cache with 0 entries and 0 stacks
[13:42:43] [REI-ReloadPlugins/TRACE] [REI] [REIClientPlugin START] Reloading Section: "start-reload/SearchRuntime/" done in 1.060 ms
[13:42:43] [REI-ReloadPlugins/TRACE] [REI] [REIClientPlugin START] Reloading Section: "start-reload/REIRuntimeImpl/"
[13:42:43] [REI-ReloadPlugins/TRACE] [REI] [REIClientPlugin START] Reloading Section: "start-reload/REIRuntimeImpl/" done in 139.3 μs
[13:42:43] [REI-ReloadPlugins/TRACE] [REI] [REIClientPlugin START] Reloading Section: "start-reload/ConfigAddonRegistryImpl/"
[13:42:43] [REI-ReloadPlugins/TRACE] [REI] [REIClientPlugin START] Reloading Section: "start-reload/ConfigAddonRegistryImpl/" done in 15.70 μs
[13:42:43] [REI-ReloadPlugins/TRACE] [REI] [REIClientPlugin START] Reloading Section: "start-reload/me.shedaniel.rei.plugin.client.runtime.PluginStageExecutionWatcher$1/"
[13:42:43] [REI-ReloadPlugins/TRACE] [REI] [REIClientPlugin START] Reloading Section: "start-reload/me.shedaniel.rei.plugin.client.runtime.PluginStageExecutionWatcher$1/" done in 13.20 μs
[13:42:43] [REI-ReloadPlugins/TRACE] [REI] [REIClientPlugin START] Reloading Section: "start-reload/" done in 4.963 ms
[13:42:43] [REI-ReloadPlugins/DEBUG] [REI] ========================================
[13:42:43] [REI-ReloadPlugins/DEBUG] [REI] REIClientPlugin started main-reload for START.
[13:42:43] [REI-ReloadPlugins/DEBUG] [REI] ========================================
[13:42:43] [REI-ReloadPlugins/TRACE] [REI] [REIClientPlugin START] Reloading Section: "reloadable-plugin/EntryRendererRegistryImpl/"
[13:42:43] [REI-ReloadPlugins/TRACE] [REI] [REIClientPlugin START] Reloading Section: "reloadable-plugin/EntryRendererRegistryImpl/DefaultClientPluginImpl of DefaultClientPluginImpl [roughlyenoughitems]/"
[13:42:43] [REI-ReloadPlugins/TRACE] [REI] [REIClientPlugin START] Reloading Section: "reloadable-plugin/EntryRendererRegistryImpl/DefaultClientPluginImpl of DefaultClientPluginImpl [roughlyenoughitems]/" done in 29.10 μs
[13:42:43] [REI-ReloadPlugins/TRACE] [REI] [REIClientPlugin START] Reloading Section: "reloadable-plugin/EntryRendererRegistryImpl/HideIngredientsFromTagsPlugin of HideIngredientsFromTagsPlugin [roughlyenoughitems]/"
[13:42:43] [REI-ReloadPlugins/TRACE] [REI] [REIClientPlugin START] Reloading Section: "reloadable-plugin/EntryRendererRegistryImpl/HideIngredientsFromTagsPlugin of HideIngredientsFromTagsPlugin [roughlyenoughitems]/" done in 19.50 μs
[13:42:43] [REI-ReloadPlugins/TRACE] [REI] [REIClientPlugin START] Reloading Section: "reloadable-plugin/EntryRendererRegistryImpl/DefaultClientRuntimePlugin of DefaultClientRuntimePlugin [roughlyenoughitems]/"
[13:42:43] [REI-ReloadPlugins/TRACE] [REI] [REIClientPlugin START] Reloading Section: "reloadable-plugin/EntryRendererRegistryImpl/DefaultClientRuntimePlugin of DefaultClientRuntimePlugin [roughlyenoughitems]/" done in 23.70 μs
[13:42:43] [REI-ReloadPlugins/TRACE] [REI] [REIClientPlugin START] Reloading Section: "reloadable-plugin/EntryRendererRegistryImpl/" done in 229.7 μs
[13:42:43] [REI-ReloadPlugins/TRACE] [REI] [REIClientPlugin START] Reloading Section: "reloadable-plugin/ViewsImpl/"
[13:42:43] [REI-ReloadPlugins/TRACE] [REI] [REIClientPlugin START] Reloading Section: "reloadable-plugin/ViewsImpl/DefaultClientPluginImpl of DefaultClientPluginImpl [roughlyenoughitems]/"
[13:42:43] [REI-ReloadPlugins/TRACE] [REI] [REIClientPlugin START] Reloading Section: "reloadable-plugin/ViewsImpl/DefaultClientPluginImpl of DefaultClientPluginImpl [roughlyenoughitems]/" done in 20.10 μs
[13:42:43] [REI-ReloadPlugins/TRACE] [REI] [REIClientPlugin START] Reloading Section: "reloadable-plugin/ViewsImpl/HideIngredientsFromTagsPlugin of HideIngredientsFromTagsPlugin [roughlyenoughitems]/"
[13:42:43] [REI-ReloadPlugins/TRACE] [REI] [REIClientPlugin START] Reloading Section: "reloadable-plugin/ViewsImpl/HideIngredientsFromTagsPlugin of HideIngredientsFromTagsPlugin [roughlyenoughitems]/" done in 16.30 μs
[13:42:43] [REI-ReloadPlugins/TRACE] [REI] [REIClientPlugin START] Reloading Section: "reloadable-plugin/ViewsImpl/DefaultClientRuntimePlugin of DefaultClientRuntimePlugin [roughlyenoughitems]/"
[13:42:43] [REI-ReloadPlugins/TRACE] [REI] [REIClientPlugin START] Reloading Section: "reloadable-plugin/ViewsImpl/DefaultClientRuntimePlugin of DefaultClientRuntimePlugin [roughlyenoughitems]/" done in 19.40 μs
[13:42:43] [REI-ReloadPlugins/TRACE] [REI] [REIClientPlugin START] Reloading Section: "reloadable-plugin/ViewsImpl/" done in 203.2 μs
[13:42:43] [REI-ReloadPlugins/TRACE] [REI] [REIClientPlugin START] Reloading Section: "reloadable-plugin/InputMethodRegistryImpl/"
[13:42:43] [REI-ReloadPlugins/TRACE] [REI] [REIClientPlugin START] Reloading Section: "reloadable-plugin/InputMethodRegistryImpl/DefaultClientPluginImpl of DefaultClientPluginImpl [roughlyenoughitems]/"
[13:42:43] [REI-ReloadPlugins/TRACE] [REI] [REIClientPlugin START] Reloading Section: "reloadable-plugin/InputMethodRegistryImpl/DefaultClientPluginImpl of DefaultClientPluginImpl [roughlyenoughitems]/" done in 28.40 μs
[13:42:43] [REI-ReloadPlugins/TRACE] [REI] [REIClientPlugin START] Reloading Section: "reloadable-plugin/InputMethodRegistryImpl/HideIngredientsFromTagsPlugin of HideIngredientsFromTagsPlugin [roughlyenoughitems]/"
[13:42:43] [REI-ReloadPlugins/TRACE] [REI] [REIClientPlugin START] Reloading Section: "reloadable-plugin/InputMethodRegistryImpl/HideIngredientsFromTagsPlugin of HideIngredientsFromTagsPlugin [roughlyenoughitems]/" done in 17.30 μs
[13:42:43] [REI-ReloadPlugins/TRACE] [REI] [REIClientPlugin START] Reloading Section: "reloadable-plugin/InputMethodRegistryImpl/DefaultClientRuntimePlugin of DefaultClientRuntimePlugin [roughlyenoughitems]/"
[13:42:43] [REI-ReloadPlugins/TRACE] [REI] [REIClientPlugin START] Reloading Section: "reloadable-plugin/InputMethodRegistryImpl/DefaultClientRuntimePlugin of DefaultClientRuntimePlugin [roughlyenoughitems]/" done in 25.60 μs
[13:42:43] [REI-ReloadPlugins/TRACE] [REI] [REIClientPlugin START] Reloading Section: "reloadable-plugin/InputMethodRegistryImpl/" done in 475.8 μs
[13:42:43] [REI-ReloadPlugins/TRACE] [REI] [REIClientPlugin START] Reloading Section: "reloadable-plugin/SearchProviderImpl/"
[13:42:43] [REI-ReloadPlugins/TRACE] [REI] [REIClientPlugin START] Reloading Section: "reloadable-plugin/SearchProviderImpl/DefaultClientPluginImpl of DefaultClientPluginImpl [roughlyenoughitems]/"
[13:42:43] [REI-ReloadPlugins/TRACE] [REI] [REIClientPlugin START] Reloading Section: "reloadable-plugin/SearchProviderImpl/DefaultClientPluginImpl of DefaultClientPluginImpl [roughlyenoughitems]/" done in 13.30 μs
[13:42:43] [REI-ReloadPlugins/TRACE] [REI] [REIClientPlugin START] Reloading Section: "reloadable-plugin/SearchProviderImpl/HideIngredientsFromTagsPlugin of HideIngredientsFromTagsPlugin [roughlyenoughitems]/"
[13:42:43] [REI-ReloadPlugins/TRACE] [REI] [REIClientPlugin START] Reloading Section: "reloadable-plugin/SearchProviderImpl/HideIngredientsFromTagsPlugin of HideIngredientsFromTagsPlugin [roughlyenoughitems]/" done in 16.30 μs
[13:42:43] [REI-ReloadPlugins/TRACE] [REI] [REIClientPlugin START] Reloading Section: "reloadable-plugin/SearchProviderImpl/DefaultClientRuntimePlugin of DefaultClientRuntimePlugin [roughlyenoughitems]/"
[13:42:43] [REI-ReloadPlugins/TRACE] [REI] [REIClientPlugin START] Reloading Section: "reloadable-plugin/SearchProviderImpl/DefaultClientRuntimePlugin of DefaultClientRuntimePlugin [roughlyenoughitems]/" done in 12.70 μs
[13:42:43] [REI-ReloadPlugins/TRACE] [REI] [REIClientPlugin START] Reloading Section: "reloadable-plugin/SearchProviderImpl/" done in 136.8 μs
[13:42:43] [REI-ReloadPlugins/TRACE] [REI] [REIClientPlugin START] Reloading Section: "reloadable-plugin/ConfigManagerImpl/"
[13:42:43] [REI-ReloadPlugins/TRACE] [REI] [REIClientPlugin START] Reloading Section: "reloadable-plugin/ConfigManagerImpl/DefaultClientPluginImpl of DefaultClientPluginImpl [roughlyenoughitems]/"
[13:42:43] [REI-ReloadPlugins/TRACE] [REI] [REIClientPlugin START] Reloading Section: "reloadable-plugin/ConfigManagerImpl/DefaultClientPluginImpl of DefaultClientPluginImpl [roughlyenoughitems]/" done in 12.60 μs
[13:42:43] [REI-ReloadPlugins/TRACE] [REI] [REIClientPlugin START] Reloading Section: "reloadable-plugin/ConfigManagerImpl/HideIngredientsFromTagsPlugin of HideIngredientsFromTagsPlugin [roughlyenoughitems]/"
[13:42:43] [REI-ReloadPlugins/TRACE] [REI] [REIClientPlugin START] Reloading Section: "reloadable-plugin/ConfigManagerImpl/HideIngredientsFromTagsPlugin of HideIngredientsFromTagsPlugin [roughlyenoughitems]/" done in 14.20 μs
[13:42:43] [REI-ReloadPlugins/TRACE] [REI] [REIClientPlugin START] Reloading Section: "reloadable-plugin/ConfigManagerImpl/DefaultClientRuntimePlugin of DefaultClientRuntimePlugin [roughlyenoughitems]/"
[13:42:43] [REI-ReloadPlugins/TRACE] [REI] [REIClientPlugin START] Reloading Section: "reloadable-plugin/ConfigManagerImpl/DefaultClientRuntimePlugin of DefaultClientRuntimePlugin [roughlyenoughitems]/" done in 26.50 μs
[13:42:43] [REI-ReloadPlugins/TRACE] [REI] [REIClientPlugin START] Reloading Section: "reloadable-plugin/ConfigManagerImpl/" done in 156.4 μs
[13:42:43] [REI-ReloadPlugins/TRACE] [REI] [REIClientPlugin START] Reloading Section: "reloadable-plugin/EntryRegistryImpl/"
[13:42:43] [REI-ReloadPlugins/TRACE] [REI] [REIClientPlugin START] Reloading Section: "reloadable-plugin/EntryRegistryImpl/DefaultClientPluginImpl of DefaultClientPluginImpl [roughlyenoughitems]/"
[13:42:43] [REI-ReloadPlugins/TRACE] [REI] Registered 1834 entries from plugin DefaultClientPluginImpl
[13:42:43] [REI-ReloadPlugins/TRACE] [REI] [REIClientPlugin START] Reloading Section: "reloadable-plugin/EntryRegistryImpl/DefaultClientPluginImpl of DefaultClientPluginImpl [roughlyenoughitems]/" done in 45.98 ms
[13:42:43] [REI-ReloadPlugins/TRACE] [REI] [REIClientPlugin START] Reloading Section: "reloadable-plugin/EntryRegistryImpl/HideIngredientsFromTagsPlugin of HideIngredientsFromTagsPlugin [roughlyenoughitems]/"
[13:42:43] [REI-ReloadPlugins/TRACE] [REI] Registered 0 entries from plugin HideIngredientsFromTagsPlugin
[13:42:43] [REI-ReloadPlugins/TRACE] [REI] [REIClientPlugin START] Reloading Section: "reloadable-plugin/EntryRegistryImpl/HideIngredientsFromTagsPlugin of HideIngredientsFromTagsPlugin [roughlyenoughitems]/" done in 49.90 μs
[13:42:43] [REI-ReloadPlugins/TRACE] [REI] [REIClientPlugin START] Reloading Section: "reloadable-plugin/EntryRegistryImpl/DefaultClientRuntimePlugin of DefaultClientRuntimePlugin [roughlyenoughitems]/"
[13:42:43] [REI-ReloadPlugins/TRACE] [REI] Registered 0 entries from plugin DefaultClientRuntimePlugin
[13:42:43] [REI-ReloadPlugins/TRACE] [REI] [REIClientPlugin START] Reloading Section: "reloadable-plugin/EntryRegistryImpl/DefaultClientRuntimePlugin of DefaultClientRuntimePlugin [roughlyenoughitems]/" done in 439.6 μs
[13:42:43] [REI-ReloadPlugins/TRACE] [REI] [REIClientPlugin START] Reloading Section: "reloadable-plugin/EntryRegistryImpl/" done in 46.72 ms
[13:42:43] [REI-ReloadPlugins/TRACE] [REI] [REIClientPlugin START] Reloading Section: "reloadable-plugin/CollapsibleEntryRegistryImpl/"
[13:42:43] [REI-ReloadPlugins/TRACE] [REI] [REIClientPlugin START] Reloading Section: "reloadable-plugin/CollapsibleEntryRegistryImpl/DefaultClientPluginImpl of DefaultClientPluginImpl [roughlyenoughitems]/"
[13:42:43] [REI-ReloadPlugins/TRACE] [REI] [REIClientPlugin START] Reloading Section: "reloadable-plugin/CollapsibleEntryRegistryImpl/DefaultClientPluginImpl of DefaultClientPluginImpl [roughlyenoughitems]/" done in 18.10 μs
[13:42:43] [REI-ReloadPlugins/TRACE] [REI] [REIClientPlugin START] Reloading Section: "reloadable-plugin/CollapsibleEntryRegistryImpl/HideIngredientsFromTagsPlugin of HideIngredientsFromTagsPlugin [roughlyenoughitems]/"
[13:42:43] [REI-ReloadPlugins/TRACE] [REI] [REIClientPlugin START] Reloading Section: "reloadable-plugin/CollapsibleEntryRegistryImpl/HideIngredientsFromTagsPlugin of HideIngredientsFromTagsPlugin [roughlyenoughitems]/" done in 16.30 μs
[13:42:43] [REI-ReloadPlugins/TRACE] [REI] [REIClientPlugin START] Reloading Section: "reloadable-plugin/CollapsibleEntryRegistryImpl/DefaultClientRuntimePlugin of DefaultClientRuntimePlugin [roughlyenoughitems]/"
[13:42:43] [REI-ReloadPlugins/TRACE] [REI] [REIClientPlugin START] Reloading Section: "reloadable-plugin/CollapsibleEntryRegistryImpl/DefaultClientRuntimePlugin of DefaultClientRuntimePlugin [roughlyenoughitems]/" done in 15.70 μs
[13:42:43] [REI-ReloadPlugins/TRACE] [REI] [REIClientPlugin START] Reloading Section: "reloadable-plugin/CollapsibleEntryRegistryImpl/" done in 180.1 μs
[13:42:43] [REI-ReloadPlugins/TRACE] [REI] [REIClientPlugin START] Reloading Section: "reloadable-plugin/BasicFilteringRuleImpl/"
[13:42:43] [REI-ReloadPlugins/TRACE] [REI] [REIClientPlugin START] Reloading Section: "reloadable-plugin/BasicFilteringRuleImpl/DefaultClientPluginImpl of DefaultClientPluginImpl [roughlyenoughitems]/"
[13:42:43] [REI-ReloadPlugins/TRACE] [REI] [REIClientPlugin START] Reloading Section: "reloadable-plugin/BasicFilteringRuleImpl/DefaultClientPluginImpl of DefaultClientPluginImpl [roughlyenoughitems]/" done in 95.60 μs
[13:42:43] [REI-ReloadPlugins/TRACE] [REI] [REIClientPlugin START] Reloading Section: "reloadable-plugin/BasicFilteringRuleImpl/HideIngredientsFromTagsPlugin of HideIngredientsFromTagsPlugin [roughlyenoughitems]/"
[13:42:43] [REI-ReloadPlugins/TRACE] [REI] [REIClientPlugin START] Reloading Section: "reloadable-plugin/BasicFilteringRuleImpl/HideIngredientsFromTagsPlugin of HideIngredientsFromTagsPlugin [roughlyenoughitems]/" done in 17.50 μs
[13:42:43] [REI-ReloadPlugins/TRACE] [REI] [REIClientPlugin START] Reloading Section: "reloadable-plugin/BasicFilteringRuleImpl/DefaultClientRuntimePlugin of DefaultClientRuntimePlugin [roughlyenoughitems]/"
[13:42:43] [REI-ReloadPlugins/TRACE] [REI] [REIClientPlugin START] Reloading Section: "reloadable-plugin/BasicFilteringRuleImpl/DefaultClientRuntimePlugin of DefaultClientRuntimePlugin [roughlyenoughitems]/" done in 16.70 μs
[13:42:43] [REI-ReloadPlugins/TRACE] [REI] [REIClientPlugin START] Reloading Section: "reloadable-plugin/BasicFilteringRuleImpl/" done in 252.3 μs
[13:42:43] [REI-ReloadPlugins/TRACE] [REI] [REIClientPlugin START] Reloading Section: "reloadable-plugin/CategoryRegistryImpl/"
[13:42:43] [REI-ReloadPlugins/TRACE] [REI] [REIClientPlugin START] Reloading Section: "reloadable-plugin/CategoryRegistryImpl/DefaultClientPluginImpl of DefaultClientPluginImpl [roughlyenoughitems]/"
[13:42:43] [REI-ReloadPlugins/TRACE] [REI] [REIClientPlugin START] Reloading Section: "reloadable-plugin/CategoryRegistryImpl/DefaultClientPluginImpl of DefaultClientPluginImpl [roughlyenoughitems]/" done in 16.30 μs
[13:42:43] [REI-ReloadPlugins/TRACE] [REI] [REIClientPlugin START] Reloading Section: "reloadable-plugin/CategoryRegistryImpl/HideIngredientsFromTagsPlugin of HideIngredientsFromTagsPlugin [roughlyenoughitems]/"
[13:42:43] [REI-ReloadPlugins/TRACE] [REI] [REIClientPlugin START] Reloading Section: "reloadable-plugin/CategoryRegistryImpl/HideIngredientsFromTagsPlugin of HideIngredientsFromTagsPlugin [roughlyenoughitems]/" done in 15.90 μs
[13:42:43] [REI-ReloadPlugins/TRACE] [REI] [REIClientPlugin START] Reloading Section: "reloadable-plugin/CategoryRegistryImpl/DefaultClientRuntimePlugin of DefaultClientRuntimePlugin [roughlyenoughitems]/"
[13:42:43] [REI-ReloadPlugins/TRACE] [REI] [REIClientPlugin START] Reloading Section: "reloadable-plugin/CategoryRegistryImpl/DefaultClientRuntimePlugin of DefaultClientRuntimePlugin [roughlyenoughitems]/" done in 14.60 μs
[13:42:43] [REI-ReloadPlugins/TRACE] [REI] [REIClientPlugin START] Reloading Section: "reloadable-plugin/CategoryRegistryImpl/" done in 141.4 μs
[13:42:43] [REI-ReloadPlugins/TRACE] [REI] [REIClientPlugin START] Reloading Section: "reloadable-plugin/DisplayRegistryImpl/"
[13:42:43] [REI-ReloadPlugins/TRACE] [REI] [REIClientPlugin START] Reloading Section: "reloadable-plugin/DisplayRegistryImpl/DefaultClientPluginImpl of DefaultClientPluginImpl [roughlyenoughitems]/"
[13:42:43] [REI-ReloadPlugins/TRACE] [REI] [REIClientPlugin START] Reloading Section: "reloadable-plugin/DisplayRegistryImpl/DefaultClientPluginImpl of DefaultClientPluginImpl [roughlyenoughitems]/" done in 11.10 μs
[13:42:43] [REI-ReloadPlugins/TRACE] [REI] [REIClientPlugin START] Reloading Section: "reloadable-plugin/DisplayRegistryImpl/HideIngredientsFromTagsPlugin of HideIngredientsFromTagsPlugin [roughlyenoughitems]/"
[13:42:43] [REI-ReloadPlugins/TRACE] [REI] [REIClientPlugin START] Reloading Section: "reloadable-plugin/DisplayRegistryImpl/HideIngredientsFromTagsPlugin of HideIngredientsFromTagsPlugin [roughlyenoughitems]/" done in 12.50 μs
[13:42:43] [REI-ReloadPlugins/TRACE] [REI] [REIClientPlugin START] Reloading Section: "reloadable-plugin/DisplayRegistryImpl/DefaultClientRuntimePlugin of DefaultClientRuntimePlugin [roughlyenoughitems]/"
[13:42:43] [REI-ReloadPlugins/TRACE] [REI] [REIClientPlugin START] Reloading Section: "reloadable-plugin/DisplayRegistryImpl/DefaultClientRuntimePlugin of DefaultClientRuntimePlugin [roughlyenoughitems]/" done in 53.20 μs
[13:42:43] [REI-ReloadPlugins/TRACE] [REI] [REIClientPlugin START] Reloading Section: "reloadable-plugin/DisplayRegistryImpl/" done in 169.0 μs
[13:42:43] [REI-ReloadPlugins/TRACE] [REI] [REIClientPlugin START] Reloading Section: "reloadable-plugin/ScreenRegistryImpl/"
[13:42:43] [REI-ReloadPlugins/TRACE] [REI] [REIClientPlugin START] Reloading Section: "reloadable-plugin/ScreenRegistryImpl/DefaultClientPluginImpl of DefaultClientPluginImpl [roughlyenoughitems]/"
[13:42:43] [REI-ReloadPlugins/DEBUG] [REI] Added click area provider for net.minecraft.client.gui.screens.inventory.CraftingScreen: me.shedaniel.rei.api.client.registry.screen.SimpleClickArea$$Lambda/0x0000000086aac000@3734819d
[13:42:43] [REI-ReloadPlugins/DEBUG] [REI] Added click area provider for net.minecraft.client.gui.screens.inventory.InventoryScreen: me.shedaniel.rei.api.client.registry.screen.SimpleClickArea$$Lambda/0x0000000086aac000@22a75d7f
[13:42:43] [REI-ReloadPlugins/DEBUG] [REI] Added click area provider for net.minecraft.client.gui.screens.inventory.BrewingStandScreen: me.shedaniel.rei.api.client.registry.screen.SimpleClickArea$$Lambda/0x0000000086aac000@5fe9bd53
[13:42:43] [REI-ReloadPlugins/DEBUG] [REI] Added click area provider for net.minecraft.client.gui.screens.inventory.FurnaceScreen: me.shedaniel.rei.api.client.registry.screen.SimpleClickArea$$Lambda/0x0000000086aac000@4c42f75a
[13:42:43] [REI-ReloadPlugins/DEBUG] [REI] Added click area provider for net.minecraft.client.gui.screens.inventory.SmokerScreen: me.shedaniel.rei.api.client.registry.screen.SimpleClickArea$$Lambda/0x0000000086aac000@34bcd069
[13:42:43] [REI-ReloadPlugins/DEBUG] [REI] Added click area provider for net.minecraft.client.gui.screens.inventory.BlastFurnaceScreen: me.shedaniel.rei.api.client.registry.screen.SimpleClickArea$$Lambda/0x0000000086aac000@2ce83f24
[13:42:43] [REI-ReloadPlugins/DEBUG] [REI] Added exclusion zones provider: me.shedaniel.rei.plugin.client.exclusionzones.DefaultPotionEffectExclusionZones@132a4dc0 for net.minecraft.client.gui.screens.inventory.InventoryScreen
[13:42:43] [REI-ReloadPlugins/DEBUG] [REI] Added exclusion zones provider: me.shedaniel.rei.plugin.client.exclusionzones.DefaultPotionEffectExclusionZones@457632fe for net.minecraft.client.gui.screens.inventory.CreativeModeInventoryScreen
[13:42:43] [REI-ReloadPlugins/DEBUG] [REI] Added exclusion zones provider: me.shedaniel.rei.plugin.client.exclusionzones.DefaultRecipeBookExclusionZones@33a0662 for net.minecraft.client.gui.screens.recipebook.RecipeUpdateListener
[13:42:43] [REI-ReloadPlugins/TRACE] [REI] [REIClientPlugin START] Reloading Section: "reloadable-plugin/ScreenRegistryImpl/DefaultClientPluginImpl of DefaultClientPluginImpl [roughlyenoughitems]/" done in 14.99 ms
[13:42:43] [REI-ReloadPlugins/TRACE] [REI] [REIClientPlugin START] Reloading Section: "reloadable-plugin/ScreenRegistryImpl/HideIngredientsFromTagsPlugin of HideIngredientsFromTagsPlugin [roughlyenoughitems]/"
[13:42:43] [REI-ReloadPlugins/TRACE] [REI] [REIClientPlugin START] Reloading Section: "reloadable-plugin/ScreenRegistryImpl/HideIngredientsFromTagsPlugin of HideIngredientsFromTagsPlugin [roughlyenoughitems]/" done in 30.40 μs
[13:42:43] [REI-ReloadPlugins/TRACE] [REI] [REIClientPlugin START] Reloading Section: "reloadable-plugin/ScreenRegistryImpl/DefaultClientRuntimePlugin of DefaultClientRuntimePlugin [roughlyenoughitems]/"
[13:42:43] [REI-ReloadPlugins/DEBUG] [REI] Added exclusion zones provider: me.shedaniel.rei.plugin.client.runtime.DefaultClientRuntimePlugin$$Lambda/0x0000000086ab2fc0@6e414649 for me.shedaniel.rei.impl.client.gui.screen.DefaultDisplayViewingScreen
[13:42:43] [REI-ReloadPlugins/DEBUG] [REI] Added exclusion zones provider: me.shedaniel.rei.plugin.client.runtime.DefaultClientRuntimePlugin$$Lambda/0x0000000086ab3448@250801a7 for net.minecraft.client.gui.screens.Screen
[13:42:43] [REI-ReloadPlugins/DEBUG] [REI] Added draggable component provider: me.shedaniel.rei.api.client.gui.drag.component.DraggableComponentProviderWidget$1@195b687 [0,00 priority]
[13:42:43] [REI-ReloadPlugins/DEBUG] [REI] Added draggable component visitor: me.shedaniel.rei.api.client.gui.drag.component.DraggableComponentVisitorWidget$2@2073a02e [0,00 priority]
[13:42:43] [REI-ReloadPlugins/TRACE] [REI] [REIClientPlugin START] Reloading Section: "reloadable-plugin/ScreenRegistryImpl/DefaultClientRuntimePlugin of DefaultClientRuntimePlugin [roughlyenoughitems]/" done in 756.8 μs
[13:42:43] [REI-ReloadPlugins/TRACE] [REI] [REIClientPlugin START] Reloading Section: "reloadable-plugin/ScreenRegistryImpl/" done in 16.03 ms
[13:42:43] [REI-ReloadPlugins/TRACE] [REI] [REIClientPlugin START] Reloading Section: "reloadable-plugin/FavoriteEntryTypeRegistryImpl/"
[13:42:43] [REI-ReloadPlugins/TRACE] [REI] [REIClientPlugin START] Reloading Section: "reloadable-plugin/FavoriteEntryTypeRegistryImpl/DefaultClientPluginImpl of DefaultClientPluginImpl [roughlyenoughitems]/"
[13:42:43] [REI-ReloadPlugins/DEBUG] [REI] Added favorite entry type [roughlyenoughitems:gamemode]: INSTANCE
[13:42:43] [REI-ReloadPlugins/DEBUG] [REI] Added favorite entry type [roughlyenoughitems:weather]: INSTANCE
[13:42:43] [REI-ReloadPlugins/DEBUG] [REI] Added favorite entry type [roughlyenoughitems:time]: INSTANCE
[13:42:43] [REI-ReloadPlugins/TRACE] [REI] [REIClientPlugin START] Reloading Section: "reloadable-plugin/FavoriteEntryTypeRegistryImpl/DefaultClientPluginImpl of DefaultClientPluginImpl [roughlyenoughitems]/" done in 5.171 ms
[13:42:43] [REI-ReloadPlugins/TRACE] [REI] [REIClientPlugin START] Reloading Section: "reloadable-plugin/FavoriteEntryTypeRegistryImpl/HideIngredientsFromTagsPlugin of HideIngredientsFromTagsPlugin [roughlyenoughitems]/"
[13:42:43] [REI-ReloadPlugins/TRACE] [REI] [REIClientPlugin START] Reloading Section: "reloadable-plugin/FavoriteEntryTypeRegistryImpl/HideIngredientsFromTagsPlugin of HideIngredientsFromTagsPlugin [roughlyenoughitems]/" done in 25.20 μs
[13:42:43] [REI-ReloadPlugins/TRACE] [REI] [REIClientPlugin START] Reloading Section: "reloadable-plugin/FavoriteEntryTypeRegistryImpl/DefaultClientRuntimePlugin of DefaultClientRuntimePlugin [roughlyenoughitems]/"
[13:42:43] [REI-ReloadPlugins/DEBUG] [REI] Added favorite entry type [roughlyenoughitems:entry_stack]: INSTANCE
[13:42:43] [REI-ReloadPlugins/DEBUG] [REI] Added favorite entry type [roughlyenoughitems:display]: INSTANCE
[13:42:43] [REI-ReloadPlugins/TRACE] [REI] [REIClientPlugin START] Reloading Section: "reloadable-plugin/FavoriteEntryTypeRegistryImpl/DefaultClientRuntimePlugin of DefaultClientRuntimePlugin [roughlyenoughitems]/" done in 1.112 ms
[13:42:43] [REI-ReloadPlugins/TRACE] [REI] [REIClientPlugin START] Reloading Section: "reloadable-plugin/FavoriteEntryTypeRegistryImpl/" done in 6.543 ms
[13:42:43] [REI-ReloadPlugins/TRACE] [REI] [REIClientPlugin START] Reloading Section: "reloadable-plugin/SubsetsRegistryImpl/"
[13:42:43] [REI-ReloadPlugins/TRACE] [REI] [REIClientPlugin START] Reloading Section: "reloadable-plugin/SubsetsRegistryImpl/DefaultClientPluginImpl of DefaultClientPluginImpl [roughlyenoughitems]/"
[13:42:43] [REI-ReloadPlugins/TRACE] [REI] [REIClientPlugin START] Reloading Section: "reloadable-plugin/SubsetsRegistryImpl/DefaultClientPluginImpl of DefaultClientPluginImpl [roughlyenoughitems]/" done in 15.40 μs
[13:42:43] [REI-ReloadPlugins/TRACE] [REI] [REIClientPlugin START] Reloading Section: "reloadable-plugin/SubsetsRegistryImpl/HideIngredientsFromTagsPlugin of HideIngredientsFromTagsPlugin [roughlyenoughitems]/"
[13:42:43] [REI-ReloadPlugins/TRACE] [REI] [REIClientPlugin START] Reloading Section: "reloadable-plugin/SubsetsRegistryImpl/HideIngredientsFromTagsPlugin of HideIngredientsFromTagsPlugin [roughlyenoughitems]/" done in 9.000 μs
[13:42:43] [REI-ReloadPlugins/TRACE] [REI] [REIClientPlugin START] Reloading Section: "reloadable-plugin/SubsetsRegistryImpl/DefaultClientRuntimePlugin of DefaultClientRuntimePlugin [roughlyenoughitems]/"
[13:42:43] [REI-ReloadPlugins/TRACE] [REI] [REIClientPlugin START] Reloading Section: "reloadable-plugin/SubsetsRegistryImpl/DefaultClientRuntimePlugin of DefaultClientRuntimePlugin [roughlyenoughitems]/" done in 97.50 μs
[13:42:43] [REI-ReloadPlugins/TRACE] [REI] [REIClientPlugin START] Reloading Section: "reloadable-plugin/SubsetsRegistryImpl/" done in 220.4 μs
[13:42:43] [REI-ReloadPlugins/TRACE] [REI] [REIClientPlugin START] Reloading Section: "reloadable-plugin/TransferHandlerRegistryImpl/"
[13:42:43] [REI-ReloadPlugins/TRACE] [REI] [REIClientPlugin START] Reloading Section: "reloadable-plugin/TransferHandlerRegistryImpl/DefaultClientPluginImpl of DefaultClientPluginImpl [roughlyenoughitems]/"
[13:42:43] [REI-ReloadPlugins/TRACE] [REI] [REIClientPlugin START] Reloading Section: "reloadable-plugin/TransferHandlerRegistryImpl/DefaultClientPluginImpl of DefaultClientPluginImpl [roughlyenoughitems]/" done in 15.60 μs
[13:42:43] [REI-ReloadPlugins/TRACE] [REI] [REIClientPlugin START] Reloading Section: "reloadable-plugin/TransferHandlerRegistryImpl/HideIngredientsFromTagsPlugin of HideIngredientsFromTagsPlugin [roughlyenoughitems]/"
[13:42:43] [REI-ReloadPlugins/TRACE] [REI] [REIClientPlugin START] Reloading Section: "reloadable-plugin/TransferHandlerRegistryImpl/HideIngredientsFromTagsPlugin of HideIngredientsFromTagsPlugin [roughlyenoughitems]/" done in 8.200 μs
[13:42:43] [REI-ReloadPlugins/TRACE] [REI] [REIClientPlugin START] Reloading Section: "reloadable-plugin/TransferHandlerRegistryImpl/DefaultClientRuntimePlugin of DefaultClientRuntimePlugin [roughlyenoughitems]/"
[13:42:43] [REI-ReloadPlugins/TRACE] [REI] [REIClientPlugin START] Reloading Section: "reloadable-plugin/TransferHandlerRegistryImpl/DefaultClientRuntimePlugin of DefaultClientRuntimePlugin [roughlyenoughitems]/" done in 8.600 μs
[13:42:43] [REI-ReloadPlugins/TRACE] [REI] [REIClientPlugin START] Reloading Section: "reloadable-plugin/TransferHandlerRegistryImpl/" done in 83.60 μs
[13:42:43] [REI-ReloadPlugins/TRACE] [REI] [REIClientPlugin START] Reloading Section: "reloadable-plugin/SearchRuntime/"
[13:42:43] [REI-ReloadPlugins/TRACE] [REI] [REIClientPlugin START] Reloading Section: "reloadable-plugin/SearchRuntime/DefaultClientPluginImpl of DefaultClientPluginImpl [roughlyenoughitems]/"
[13:42:43] [REI-ReloadPlugins/TRACE] [REI] [REIClientPlugin START] Reloading Section: "reloadable-plugin/SearchRuntime/DefaultClientPluginImpl of DefaultClientPluginImpl [roughlyenoughitems]/" done in 8.200 μs
[13:42:43] [REI-ReloadPlugins/TRACE] [REI] [REIClientPlugin START] Reloading Section: "reloadable-plugin/SearchRuntime/HideIngredientsFromTagsPlugin of HideIngredientsFromTagsPlugin [roughlyenoughitems]/"
[13:42:43] [REI-ReloadPlugins/TRACE] [REI] [REIClientPlugin START] Reloading Section: "reloadable-plugin/SearchRuntime/HideIngredientsFromTagsPlugin of HideIngredientsFromTagsPlugin [roughlyenoughitems]/" done in 8.800 μs
[13:42:43] [REI-ReloadPlugins/TRACE] [REI] [REIClientPlugin START] Reloading Section: "reloadable-plugin/SearchRuntime/DefaultClientRuntimePlugin of DefaultClientRuntimePlugin [roughlyenoughitems]/"
[13:42:43] [REI-ReloadPlugins/TRACE] [REI] [REIClientPlugin START] Reloading Section: "reloadable-plugin/SearchRuntime/DefaultClientRuntimePlugin of DefaultClientRuntimePlugin [roughlyenoughitems]/" done in 8.000 μs
[13:42:43] [REI-ReloadPlugins/TRACE] [REI] [REIClientPlugin START] Reloading Section: "reloadable-plugin/SearchRuntime/" done in 74.90 μs
[13:42:43] [REI-ReloadPlugins/TRACE] [REI] [REIClientPlugin START] Reloading Section: "reloadable-plugin/REIRuntimeImpl/"
[13:42:43] [REI-ReloadPlugins/TRACE] [REI] [REIClientPlugin START] Reloading Section: "reloadable-plugin/REIRuntimeImpl/DefaultClientPluginImpl of DefaultClientPluginImpl [roughlyenoughitems]/"
[13:42:43] [REI-ReloadPlugins/TRACE] [REI] [REIClientPlugin START] Reloading Section: "reloadable-plugin/REIRuntimeImpl/DefaultClientPluginImpl of DefaultClientPluginImpl [roughlyenoughitems]/" done in 8.100 μs
[13:42:43] [REI-ReloadPlugins/TRACE] [REI] [REIClientPlugin START] Reloading Section: "reloadable-plugin/REIRuntimeImpl/HideIngredientsFromTagsPlugin of HideIngredientsFromTagsPlugin [roughlyenoughitems]/"
[13:42:43] [REI-ReloadPlugins/TRACE] [REI] [REIClientPlugin START] Reloading Section: "reloadable-plugin/REIRuntimeImpl/HideIngredientsFromTagsPlugin of HideIngredientsFromTagsPlugin [roughlyenoughitems]/" done in 9.000 μs
[13:42:43] [REI-ReloadPlugins/TRACE] [REI] [REIClientPlugin START] Reloading Section: "reloadable-plugin/REIRuntimeImpl/DefaultClientRuntimePlugin of DefaultClientRuntimePlugin [roughlyenoughitems]/"
[13:42:43] [REI-ReloadPlugins/TRACE] [REI] [REIClientPlugin START] Reloading Section: "reloadable-plugin/REIRuntimeImpl/DefaultClientRuntimePlugin of DefaultClientRuntimePlugin [roughlyenoughitems]/" done in 8.600 μs
[13:42:43] [REI-ReloadPlugins/TRACE] [REI] [REIClientPlugin START] Reloading Section: "reloadable-plugin/REIRuntimeImpl/" done in 73.30 μs
[13:42:43] [REI-ReloadPlugins/TRACE] [REI] [REIClientPlugin START] Reloading Section: "reloadable-plugin/ConfigAddonRegistryImpl/"
[13:42:43] [REI-ReloadPlugins/TRACE] [REI] [REIClientPlugin START] Reloading Section: "reloadable-plugin/ConfigAddonRegistryImpl/DefaultClientPluginImpl of DefaultClientPluginImpl [roughlyenoughitems]/"
[13:42:43] [REI-ReloadPlugins/TRACE] [REI] [REIClientPlugin START] Reloading Section: "reloadable-plugin/ConfigAddonRegistryImpl/DefaultClientPluginImpl of DefaultClientPluginImpl [roughlyenoughitems]/" done in 8.900 μs
[13:42:43] [REI-ReloadPlugins/TRACE] [REI] [REIClientPlugin START] Reloading Section: "reloadable-plugin/ConfigAddonRegistryImpl/HideIngredientsFromTagsPlugin of HideIngredientsFromTagsPlugin [roughlyenoughitems]/"
[13:42:43] [REI-ReloadPlugins/TRACE] [REI] [REIClientPlugin START] Reloading Section: "reloadable-plugin/ConfigAddonRegistryImpl/HideIngredientsFromTagsPlugin of HideIngredientsFromTagsPlugin [roughlyenoughitems]/" done in 7.400 μs
[13:42:43] [REI-ReloadPlugins/TRACE] [REI] [REIClientPlugin START] Reloading Section: "reloadable-plugin/ConfigAddonRegistryImpl/DefaultClientRuntimePlugin of DefaultClientRuntimePlugin [roughlyenoughitems]/"
[13:42:43] [REI-ReloadPlugins/TRACE] [REI] [REIClientPlugin START] Reloading Section: "reloadable-plugin/ConfigAddonRegistryImpl/DefaultClientRuntimePlugin of DefaultClientRuntimePlugin [roughlyenoughitems]/" done in 7.500 μs
[13:42:43] [REI-ReloadPlugins/TRACE] [REI] [REIClientPlugin START] Reloading Section: "reloadable-plugin/ConfigAddonRegistryImpl/" done in 71.60 μs
[13:42:43] [REI-ReloadPlugins/TRACE] [REI] [REIClientPlugin START] Reloading Section: "reloadable-plugin/me.shedaniel.rei.plugin.client.runtime.PluginStageExecutionWatcher$1/"
[13:42:43] [REI-ReloadPlugins/TRACE] [REI] [REIClientPlugin START] Reloading Section: "reloadable-plugin/me.shedaniel.rei.plugin.client.runtime.PluginStageExecutionWatcher$1/DefaultClientPluginImpl of DefaultClientPluginImpl [roughlyenoughitems]/"
[13:42:43] [REI-ReloadPlugins/TRACE] [REI] [REIClientPlugin START] Reloading Section: "reloadable-plugin/me.shedaniel.rei.plugin.client.runtime.PluginStageExecutionWatcher$1/DefaultClientPluginImpl of DefaultClientPluginImpl [roughlyenoughitems]/" done in 8.500 μs
[13:42:43] [REI-ReloadPlugins/TRACE] [REI] [REIClientPlugin START] Reloading Section: "reloadable-plugin/me.shedaniel.rei.plugin.client.runtime.PluginStageExecutionWatcher$1/HideIngredientsFromTagsPlugin of HideIngredientsFromTagsPlugin [roughlyenoughitems]/"
[13:42:43] [REI-ReloadPlugins/TRACE] [REI] [REIClientPlugin START] Reloading Section: "reloadable-plugin/me.shedaniel.rei.plugin.client.runtime.PluginStageExecutionWatcher$1/HideIngredientsFromTagsPlugin of HideIngredientsFromTagsPlugin [roughlyenoughitems]/" done in 10.80 μs
[13:42:43] [REI-ReloadPlugins/TRACE] [REI] [REIClientPlugin START] Reloading Section: "reloadable-plugin/me.shedaniel.rei.plugin.client.runtime.PluginStageExecutionWatcher$1/DefaultClientRuntimePlugin of DefaultClientRuntimePlugin [roughlyenoughitems]/"
[13:42:43] [REI-ReloadPlugins/TRACE] [REI] [REIClientPlugin START] Reloading Section: "reloadable-plugin/me.shedaniel.rei.plugin.client.runtime.PluginStageExecutionWatcher$1/DefaultClientRuntimePlugin of DefaultClientRuntimePlugin [roughlyenoughitems]/" done in 8.000 μs
[13:42:43] [REI-ReloadPlugins/TRACE] [REI] [REIClientPlugin START] Reloading Section: "reloadable-plugin/me.shedaniel.rei.plugin.client.runtime.PluginStageExecutionWatcher$1/" done in 88.40 μs
[13:42:43] [REI-ReloadPlugins/DEBUG] [REI] ========================================
[13:42:43] [REI-ReloadPlugins/DEBUG] [REI] REIClientPlugin ending main-reload for START.
[13:42:43] [REI-ReloadPlugins/DEBUG] [REI] ========================================
[13:42:43] [REI-ReloadPlugins/TRACE] [REI] [REIClientPlugin START] Reloading Section: "end-reload/"
[13:42:43] [REI-ReloadPlugins/TRACE] [REI] [REIClientPlugin START] Reloading Section: "end-reload/EntryRendererRegistryImpl/"
[13:42:43] [REI-ReloadPlugins/TRACE] [REI] [REIClientPlugin START] Reloading Section: "end-reload/EntryRendererRegistryImpl/" done in 8.700 μs
[13:42:43] [REI-ReloadPlugins/TRACE] [REI] [REIClientPlugin START] Reloading Section: "end-reload/ViewsImpl/"
[13:42:43] [REI-ReloadPlugins/TRACE] [REI] [REIClientPlugin START] Reloading Section: "end-reload/ViewsImpl/" done in 5.500 μs
[13:42:43] [REI-ReloadPlugins/TRACE] [REI] [REIClientPlugin START] Reloading Section: "end-reload/InputMethodRegistryImpl/"
[13:42:43] [REI-ReloadPlugins/TRACE] [REI] [REIClientPlugin START] Reloading Section: "end-reload/InputMethodRegistryImpl/" done in 5.700 μs
[13:42:43] [REI-ReloadPlugins/TRACE] [REI] [REIClientPlugin START] Reloading Section: "end-reload/SearchProviderImpl/"
[13:42:43] [REI-ReloadPlugins/TRACE] [REI] [REIClientPlugin START] Reloading Section: "end-reload/SearchProviderImpl/" done in 5.900 μs
[13:42:43] [REI-ReloadPlugins/TRACE] [REI] [REIClientPlugin START] Reloading Section: "end-reload/ConfigManagerImpl/"
[13:42:43] [REI-ReloadPlugins/TRACE] [REI] [REIClientPlugin START] Reloading Section: "end-reload/ConfigManagerImpl/" done in 4.600 μs
[13:42:43] [REI-ReloadPlugins/TRACE] [REI] [REIClientPlugin START] Reloading Section: "end-reload/EntryRegistryImpl/"
[13:42:43] [REI-ReloadPlugins/DEBUG] [REI] Config saved
[13:42:43] [REI-ReloadPlugins/DEBUG] [REI] Refiltered rule [INSTANCE] in 4.354 ms.
[13:42:43] [REI-ReloadPlugins/DEBUG] [REI] Refiltered rule [INSTANCE] in 1.425 ms.
[13:42:43] [REI-ReloadPlugins/DEBUG] [REI] Refiltered rule [INSTANCE] in 2.857 ms.
[13:42:43] [REI-ReloadPlugins/DEBUG] [REI] Refiltered 1834 entries with 3 rules in 27.16 ms.
[13:42:43] [REI-ReloadPlugins/DEBUG] [REI] Computed existing filtered displays with 3 rules in 1.717 ms
[13:42:43] [REI-ReloadPlugins/DEBUG] [REI] Reloaded entry registry with 1834 entries and 1833 filtered entries
[13:42:43] [REI-ReloadPlugins/TRACE] [REI] [REIClientPlugin START] Reloading Section: "end-reload/EntryRegistryImpl/" done in 31.46 ms
[13:42:43] [REI-ReloadPlugins/TRACE] [REI] [REIClientPlugin START] Reloading Section: "end-reload/CollapsibleEntryRegistryImpl/"
[13:42:43] [REI-ReloadPlugins/TRACE] [REI] [REIClientPlugin START] Reloading Section: "end-reload/CollapsibleEntryRegistryImpl/" done in 16.80 μs
[13:42:43] [REI-ReloadPlugins/TRACE] [REI] [REIClientPlugin START] Reloading Section: "end-reload/BasicFilteringRuleImpl/"
[13:42:43] [REI-ReloadPlugins/TRACE] [REI] [REIClientPlugin START] Reloading Section: "end-reload/BasicFilteringRuleImpl/" done in 11.40 μs
[13:42:43] [REI-ReloadPlugins/TRACE] [REI] [REIClientPlugin START] Reloading Section: "end-reload/CategoryRegistryImpl/"
[13:42:43] [REI-ReloadPlugins/TRACE] [REI] [REIClientPlugin START] Reloading Section: "end-reload/CategoryRegistryImpl/" done in 8.600 μs
[13:42:43] [REI-ReloadPlugins/TRACE] [REI] [REIClientPlugin START] Reloading Section: "end-reload/DisplayRegistryImpl/"
[13:42:43] [REI-ReloadPlugins/TRACE] [REI] [REIClientPlugin START] Reloading Section: "end-reload/DisplayRegistryImpl/" done in 9.600 μs
[13:42:43] [REI-ReloadPlugins/TRACE] [REI] [REIClientPlugin START] Reloading Section: "end-reload/ScreenRegistryImpl/"
[13:42:43] [REI-ReloadPlugins/DEBUG] [REI] Registered 4 overlay deciders and 5 exclusion zones
[13:42:43] [REI-ReloadPlugins/TRACE] [REI] [REIClientPlugin START] Reloading Section: "end-reload/ScreenRegistryImpl/" done in 108.2 μs
[13:42:43] [REI-ReloadPlugins/TRACE] [REI] [REIClientPlugin START] Reloading Section: "end-reload/FavoriteEntryTypeRegistryImpl/"
[13:42:43] [REI-ReloadPlugins/DEBUG] [REI] Config saved
[13:42:43] [REI-ReloadPlugins/DEBUG] [REI] Registered 5 favorite entry types
[13:42:43] [REI-ReloadPlugins/TRACE] [REI] [REIClientPlugin START] Reloading Section: "end-reload/FavoriteEntryTypeRegistryImpl/" done in 2.226 ms
[13:42:43] [REI-ReloadPlugins/TRACE] [REI] [REIClientPlugin START] Reloading Section: "end-reload/SubsetsRegistryImpl/"
[13:42:43] [REI-ReloadPlugins/TRACE] [REI] [REIClientPlugin START] Reloading Section: "end-reload/SubsetsRegistryImpl/" done in 13.20 μs
[13:42:43] [REI-ReloadPlugins/TRACE] [REI] [REIClientPlugin START] Reloading Section: "end-reload/TransferHandlerRegistryImpl/"
[13:42:43] [REI-ReloadPlugins/TRACE] [REI] [REIClientPlugin START] Reloading Section: "end-reload/TransferHandlerRegistryImpl/" done in 13.40 μs
[13:42:43] [REI-ReloadPlugins/TRACE] [REI] [REIClientPlugin START] Reloading Section: "end-reload/SearchRuntime/"
[13:42:43] [REI-ReloadPlugins/TRACE] [REI] Preparing 12838 stacks for search arguments
[13:42:43] [REI-ReloadPlugins/TRACE] [REI] Prepared 12838 / 12838 stacks for search arguments in 105ms
[13:42:43] [REI-ReloadPlugins/DEBUG] [REI] Preparing collapsed entry groups cache with 0 entries and 1834 stacks
[13:42:43] [REI-ReloadPlugins/DEBUG] [REI] Prepared collapsed entry groups cache with 0 entries and 1834 stacks
[13:42:43] [REI-ReloadPlugins/TRACE] [REI] [REIClientPlugin START] Reloading Section: "end-reload/SearchRuntime/" done in 108.4 ms
[13:42:43] [REI-ReloadPlugins/TRACE] [REI] [REIClientPlugin START] Reloading Section: "end-reload/REIRuntimeImpl/"
[13:42:43] [REI-ReloadPlugins/TRACE] [REI] [REIClientPlugin START] Reloading Section: "end-reload/REIRuntimeImpl/" done in 108.7 μs
[13:42:43] [REI-ReloadPlugins/TRACE] [REI] [REIClientPlugin START] Reloading Section: "end-reload/ConfigAddonRegistryImpl/"
[13:42:43] [REI-ReloadPlugins/TRACE] [REI] [REIClientPlugin START] Reloading Section: "end-reload/ConfigAddonRegistryImpl/" done in 11.10 μs
[13:42:43] [REI-ReloadPlugins/TRACE] [REI] [REIClientPlugin START] Reloading Section: "end-reload/me.shedaniel.rei.plugin.client.runtime.PluginStageExecutionWatcher$1/"
[13:42:43] [REI-ReloadPlugins/TRACE] [REI] [REIClientPlugin START] Reloading Section: "end-reload/me.shedaniel.rei.plugin.client.runtime.PluginStageExecutionWatcher$1/" done in 9.900 μs
[13:42:43] [REI-ReloadPlugins/TRACE] [REI] [REIClientPlugin START] Reloading Section: "end-reload/" done in 143.1 ms
[13:42:43] [REI-ReloadPlugins/DEBUG] [REI] ========================================
[13:42:43] [REI-ReloadPlugins/DEBUG] [REI] REIClientPlugin ended main-reload for START in 221.7 ms.
[13:42:43] [REI-ReloadPlugins/DEBUG] [REI] ========================================
[13:42:43] [REI-ReloadPlugins/DEBUG] [REI] ========================================
[13:42:43] [REI-ReloadPlugins/DEBUG] [REI] REICommonPlugin starting post-reload for START.
[13:42:43] [REI-ReloadPlugins/DEBUG] [REI] Reloadables (9):
[13:42:43] [REI-ReloadPlugins/DEBUG] [REI]  - SlotAccessorRegistryImpl
[13:42:43] [REI-ReloadPlugins/DEBUG] [REI]  - EntryTypeRegistryImpl
[13:42:43] [REI-ReloadPlugins/DEBUG] [REI]  - EntrySettingsAdapterRegistryImpl
[13:42:43] [REI-ReloadPlugins/DEBUG] [REI]  - ItemComparatorRegistryImpl
[13:42:43] [REI-ReloadPlugins/DEBUG] [REI]  - FluidComparatorRegistryImpl
[13:42:43] [REI-ReloadPlugins/DEBUG] [REI]  - DisplaySerializerRegistryImpl
[13:42:43] [REI-ReloadPlugins/DEBUG] [REI]  - ServerDisplayRegistryImpl
[13:42:43] [REI-ReloadPlugins/DEBUG] [REI]  - FluidSupportProviderImpl
[13:42:43] [REI-ReloadPlugins/DEBUG] [REI]  - me.shedaniel.rei.plugin.client.runtime.PluginStageExecutionWatcher$1
[13:42:43] [REI-ReloadPlugins/DEBUG] [REI] Plugins (2):
[13:42:43] [REI-ReloadPlugins/DEBUG] [REI]  - (-100,00) DefaultPluginImpl of DefaultPluginImpl [roughlyenoughitems]
[13:42:43] [REI-ReloadPlugins/DEBUG] [REI]  - (0,00) DefaultRuntimePlugin of DefaultRuntimePlugin [roughlyenoughitems]
[13:42:43] [REI-ReloadPlugins/DEBUG] [REI] ========================================
[13:42:43] [REI-ReloadPlugins/TRACE] [REI] [REICommonPlugin START] Reloading Section: "post-register/"
[13:42:43] [REI-ReloadPlugins/TRACE] [REI] [REICommonPlugin START] Reloading Section: "post-register/DefaultPluginImpl of DefaultPluginImpl [roughlyenoughitems]/"
[13:42:43] [REI-ReloadPlugins/TRACE] [REI] [REICommonPlugin START] Reloading Section: "post-register/DefaultPluginImpl of DefaultPluginImpl [roughlyenoughitems]/" done in 103.0 μs
[13:42:43] [REI-ReloadPlugins/TRACE] [REI] [REICommonPlugin START] Reloading Section: "post-register/DefaultRuntimePlugin of DefaultRuntimePlugin [roughlyenoughitems]/"
[13:42:43] [REI-ReloadPlugins/TRACE] [REI] [REICommonPlugin START] Reloading Section: "post-register/DefaultRuntimePlugin of DefaultRuntimePlugin [roughlyenoughitems]/" done in 13.20 μs
[13:42:43] [REI-ReloadPlugins/TRACE] [REI] [REICommonPlugin START] Reloading Section: "post-register/" done in 364.6 μs
[13:42:43] [REI-ReloadPlugins/TRACE] [REI] [REICommonPlugin START] Reloading Section: "post-stage/"
[13:42:43] [REI-ReloadPlugins/TRACE] [REI] [REICommonPlugin START] Reloading Section: "post-stage/SlotAccessorRegistryImpl/"
[13:42:43] [REI-ReloadPlugins/TRACE] [REI] [REICommonPlugin START] Reloading Section: "post-stage/SlotAccessorRegistryImpl/" done in 15.70 μs
[13:42:43] [REI-ReloadPlugins/TRACE] [REI] [REICommonPlugin START] Reloading Section: "post-stage/EntryTypeRegistryImpl/"
[13:42:43] [REI-ReloadPlugins/TRACE] [REI] [REICommonPlugin START] Reloading Section: "post-stage/EntryTypeRegistryImpl/" done in 8.300 μs
[13:42:43] [REI-ReloadPlugins/TRACE] [REI] [REICommonPlugin START] Reloading Section: "post-stage/EntrySettingsAdapterRegistryImpl/"
[13:42:43] [REI-ReloadPlugins/TRACE] [REI] [REICommonPlugin START] Reloading Section: "post-stage/EntrySettingsAdapterRegistryImpl/" done in 7.600 μs
[13:42:43] [REI-ReloadPlugins/TRACE] [REI] [REICommonPlugin START] Reloading Section: "post-stage/ItemComparatorRegistryImpl/"
[13:42:43] [REI-ReloadPlugins/TRACE] [REI] [REICommonPlugin START] Reloading Section: "post-stage/ItemComparatorRegistryImpl/" done in 7.600 μs
[13:42:43] [REI-ReloadPlugins/TRACE] [REI] [REICommonPlugin START] Reloading Section: "post-stage/FluidComparatorRegistryImpl/"
[13:42:43] [REI-ReloadPlugins/TRACE] [REI] [REICommonPlugin START] Reloading Section: "post-stage/FluidComparatorRegistryImpl/" done in 7.100 μs
[13:42:43] [REI-ReloadPlugins/TRACE] [REI] [REICommonPlugin START] Reloading Section: "post-stage/DisplaySerializerRegistryImpl/"
[13:42:43] [REI-ReloadPlugins/TRACE] [REI] [REICommonPlugin START] Reloading Section: "post-stage/DisplaySerializerRegistryImpl/" done in 9.100 μs
[13:42:43] [REI-ReloadPlugins/TRACE] [REI] [REICommonPlugin START] Reloading Section: "post-stage/ServerDisplayRegistryImpl/"
[13:42:43] [REI-ReloadPlugins/TRACE] [REI] [REICommonPlugin START] Reloading Section: "post-stage/ServerDisplayRegistryImpl/" done in 7.500 μs
[13:42:43] [REI-ReloadPlugins/TRACE] [REI] [REICommonPlugin START] Reloading Section: "post-stage/FluidSupportProviderImpl/"
[13:42:43] [REI-ReloadPlugins/TRACE] [REI] [REICommonPlugin START] Reloading Section: "post-stage/FluidSupportProviderImpl/" done in 8.200 μs
[13:42:43] [REI-ReloadPlugins/TRACE] [REI] [REICommonPlugin START] Reloading Section: "post-stage/me.shedaniel.rei.plugin.client.runtime.PluginStageExecutionWatcher$1/"
[13:42:43] [REI-ReloadPlugins/TRACE] [REI] [REICommonPlugin START] Reloading Section: "post-stage/me.shedaniel.rei.plugin.client.runtime.PluginStageExecutionWatcher$1/" done in 16.80 μs
[13:42:43] [REI-ReloadPlugins/TRACE] [REI] [REICommonPlugin START] Reloading Section: "post-stage/" done in 267.2 μs
[13:42:43] [REI-ReloadPlugins/DEBUG] [REI] ========================================
[13:42:43] [REI-ReloadPlugins/INFO] [REI] REICommonPlugin finished post-reload for START in 667.6 μs, totaling 51.09 ms.
[13:42:43] [REI-ReloadPlugins/DEBUG] [REI] ========================================
[13:42:43] [REI-ReloadPlugins/DEBUG] [REI] ========================================
[13:42:43] [REI-ReloadPlugins/DEBUG] [REI] REIClientPlugin starting post-reload for START.
[13:42:43] [REI-ReloadPlugins/DEBUG] [REI] Reloadables (18):
[13:42:43] [REI-ReloadPlugins/DEBUG] [REI]  - EntryRendererRegistryImpl
[13:42:43] [REI-ReloadPlugins/DEBUG] [REI]  - ViewsImpl
[13:42:43] [REI-ReloadPlugins/DEBUG] [REI]  - InputMethodRegistryImpl
[13:42:43] [REI-ReloadPlugins/DEBUG] [REI]  - SearchProviderImpl
[13:42:43] [REI-ReloadPlugins/DEBUG] [REI]  - ConfigManagerImpl
[13:42:43] [REI-ReloadPlugins/DEBUG] [REI]  - EntryRegistryImpl
[13:42:43] [REI-ReloadPlugins/DEBUG] [REI]  - CollapsibleEntryRegistryImpl
[13:42:43] [REI-ReloadPlugins/DEBUG] [REI]  - BasicFilteringRuleImpl
[13:42:43] [REI-ReloadPlugins/DEBUG] [REI]  - CategoryRegistryImpl
[13:42:43] [REI-ReloadPlugins/DEBUG] [REI]  - DisplayRegistryImpl
[13:42:43] [REI-ReloadPlugins/DEBUG] [REI]  - ScreenRegistryImpl
[13:42:43] [REI-ReloadPlugins/DEBUG] [REI]  - FavoriteEntryTypeRegistryImpl
[13:42:43] [REI-ReloadPlugins/DEBUG] [REI]  - SubsetsRegistryImpl
[13:42:43] [REI-ReloadPlugins/DEBUG] [REI]  - TransferHandlerRegistryImpl
[13:42:43] [REI-ReloadPlugins/DEBUG] [REI]  - SearchRuntime
[13:42:43] [REI-ReloadPlugins/DEBUG] [REI]  - REIRuntimeImpl
[13:42:43] [REI-ReloadPlugins/DEBUG] [REI]  - ConfigAddonRegistryImpl
[13:42:43] [REI-ReloadPlugins/DEBUG] [REI]  - me.shedaniel.rei.plugin.client.runtime.PluginStageExecutionWatcher$1
[13:42:43] [REI-ReloadPlugins/DEBUG] [REI] Plugins (3):
[13:42:43] [REI-ReloadPlugins/DEBUG] [REI]  - (-100,00) DefaultClientPluginImpl of DefaultClientPluginImpl [roughlyenoughitems]
[13:42:43] [REI-ReloadPlugins/DEBUG] [REI]  - (0,00) HideIngredientsFromTagsPlugin of HideIngredientsFromTagsPlugin [roughlyenoughitems]
[13:42:43] [REI-ReloadPlugins/DEBUG] [REI]  - (0,00) DefaultClientRuntimePlugin of DefaultClientRuntimePlugin [roughlyenoughitems]
[13:42:43] [REI-ReloadPlugins/DEBUG] [REI] ========================================
[13:42:43] [REI-ReloadPlugins/TRACE] [REI] [REIClientPlugin START] Reloading Section: "post-register/"
[13:42:43] [REI-ReloadPlugins/TRACE] [REI] [REIClientPlugin START] Reloading Section: "post-register/DefaultClientPluginImpl of DefaultClientPluginImpl [roughlyenoughitems]/"
[13:42:43] [REI-ReloadPlugins/TRACE] [REI] [REIClientPlugin START] Reloading Section: "post-register/DefaultClientPluginImpl of DefaultClientPluginImpl [roughlyenoughitems]/" done in 15.80 μs
[13:42:43] [REI-ReloadPlugins/TRACE] [REI] [REIClientPlugin START] Reloading Section: "post-register/HideIngredientsFromTagsPlugin of HideIngredientsFromTagsPlugin [roughlyenoughitems]/"
[13:42:43] [REI-ReloadPlugins/TRACE] [REI] [REIClientPlugin START] Reloading Section: "post-register/HideIngredientsFromTagsPlugin of HideIngredientsFromTagsPlugin [roughlyenoughitems]/" done in 12.60 μs
[13:42:43] [REI-ReloadPlugins/TRACE] [REI] [REIClientPlugin START] Reloading Section: "post-register/DefaultClientRuntimePlugin of DefaultClientRuntimePlugin [roughlyenoughitems]/"
[13:42:43] [REI-ReloadPlugins/TRACE] [REI] [REIClientPlugin START] Reloading Section: "post-register/DefaultClientRuntimePlugin of DefaultClientRuntimePlugin [roughlyenoughitems]/" done in 9.000 μs
[13:42:43] [REI-ReloadPlugins/TRACE] [REI] [REIClientPlugin START] Reloading Section: "post-register/" done in 158.6 μs
[13:42:43] [REI-ReloadPlugins/TRACE] [REI] [REIClientPlugin START] Reloading Section: "post-stage/"
[13:42:43] [REI-ReloadPlugins/TRACE] [REI] [REIClientPlugin START] Reloading Section: "post-stage/EntryRendererRegistryImpl/"
[13:42:43] [REI-ReloadPlugins/TRACE] [REI] [REIClientPlugin START] Reloading Section: "post-stage/EntryRendererRegistryImpl/" done in 9.400 μs
[13:42:43] [REI-ReloadPlugins/TRACE] [REI] [REIClientPlugin START] Reloading Section: "post-stage/ViewsImpl/"
[13:42:43] [REI-ReloadPlugins/TRACE] [REI] [REIClientPlugin START] Reloading Section: "post-stage/ViewsImpl/" done in 7.500 μs
[13:42:43] [REI-ReloadPlugins/TRACE] [REI] [REIClientPlugin START] Reloading Section: "post-stage/InputMethodRegistryImpl/"
[13:42:43] [REI-ReloadPlugins/TRACE] [REI] [REIClientPlugin START] Reloading Section: "post-stage/InputMethodRegistryImpl/" done in 9.700 μs
[13:42:43] [REI-ReloadPlugins/TRACE] [REI] [REIClientPlugin START] Reloading Section: "post-stage/SearchProviderImpl/"
[13:42:43] [REI-ReloadPlugins/TRACE] [REI] [REIClientPlugin START] Reloading Section: "post-stage/SearchProviderImpl/" done in 8.700 μs
[13:42:43] [REI-ReloadPlugins/TRACE] [REI] [REIClientPlugin START] Reloading Section: "post-stage/ConfigManagerImpl/"
[13:42:43] [REI-ReloadPlugins/TRACE] [REI] [REIClientPlugin START] Reloading Section: "post-stage/ConfigManagerImpl/" done in 7.300 μs
[13:42:43] [REI-ReloadPlugins/TRACE] [REI] [REIClientPlugin START] Reloading Section: "post-stage/EntryRegistryImpl/"
[13:42:43] [REI-ReloadPlugins/TRACE] [REI] [REIClientPlugin START] Reloading Section: "post-stage/EntryRegistryImpl/" done in 8.200 μs
[13:42:43] [REI-ReloadPlugins/TRACE] [REI] [REIClientPlugin START] Reloading Section: "post-stage/CollapsibleEntryRegistryImpl/"
[13:42:43] [REI-ReloadPlugins/TRACE] [REI] [REIClientPlugin START] Reloading Section: "post-stage/CollapsibleEntryRegistryImpl/" done in 7.800 μs
[13:42:43] [REI-ReloadPlugins/TRACE] [REI] [REIClientPlugin START] Reloading Section: "post-stage/BasicFilteringRuleImpl/"
[13:42:43] [REI-ReloadPlugins/TRACE] [REI] [REIClientPlugin START] Reloading Section: "post-stage/BasicFilteringRuleImpl/" done in 7.800 μs
[13:42:43] [REI-ReloadPlugins/TRACE] [REI] [REIClientPlugin START] Reloading Section: "post-stage/CategoryRegistryImpl/"
[13:42:43] [REI-ReloadPlugins/TRACE] [REI] [REIClientPlugin START] Reloading Section: "post-stage/CategoryRegistryImpl/" done in 8.000 μs
[13:42:43] [REI-ReloadPlugins/TRACE] [REI] [REIClientPlugin START] Reloading Section: "post-stage/DisplayRegistryImpl/"
[13:42:43] [REI-ReloadPlugins/TRACE] [REI] [REIClientPlugin START] Reloading Section: "post-stage/DisplayRegistryImpl/" done in 13.70 μs
[13:42:43] [REI-ReloadPlugins/TRACE] [REI] [REIClientPlugin START] Reloading Section: "post-stage/ScreenRegistryImpl/"
[13:42:43] [REI-ReloadPlugins/TRACE] [REI] [REIClientPlugin START] Reloading Section: "post-stage/ScreenRegistryImpl/" done in 7.400 μs
[13:42:43] [REI-ReloadPlugins/TRACE] [REI] [REIClientPlugin START] Reloading Section: "post-stage/FavoriteEntryTypeRegistryImpl/"
[13:42:43] [REI-ReloadPlugins/TRACE] [REI] [REIClientPlugin START] Reloading Section: "post-stage/FavoriteEntryTypeRegistryImpl/" done in 6.800 μs
[13:42:43] [REI-ReloadPlugins/TRACE] [REI] [REIClientPlugin START] Reloading Section: "post-stage/SubsetsRegistryImpl/"
[13:42:43] [REI-ReloadPlugins/TRACE] [REI] [REIClientPlugin START] Reloading Section: "post-stage/SubsetsRegistryImpl/" done in 7.600 μs
[13:42:43] [REI-ReloadPlugins/TRACE] [REI] [REIClientPlugin START] Reloading Section: "post-stage/TransferHandlerRegistryImpl/"
[13:42:43] [REI-ReloadPlugins/TRACE] [REI] [REIClientPlugin START] Reloading Section: "post-stage/TransferHandlerRegistryImpl/" done in 7.000 μs
[13:42:43] [REI-ReloadPlugins/TRACE] [REI] [REIClientPlugin START] Reloading Section: "post-stage/SearchRuntime/"
[13:42:43] [REI-ReloadPlugins/TRACE] [REI] [REIClientPlugin START] Reloading Section: "post-stage/SearchRuntime/" done in 6.700 μs
[13:42:43] [REI-ReloadPlugins/TRACE] [REI] [REIClientPlugin START] Reloading Section: "post-stage/REIRuntimeImpl/"
[13:42:43] [REI-ReloadPlugins/TRACE] [REI] [REIClientPlugin START] Reloading Section: "post-stage/REIRuntimeImpl/" done in 6.800 μs
[13:42:43] [REI-ReloadPlugins/TRACE] [REI] [REIClientPlugin START] Reloading Section: "post-stage/ConfigAddonRegistryImpl/"
[13:42:43] [REI-ReloadPlugins/TRACE] [REI] [REIClientPlugin START] Reloading Section: "post-stage/ConfigAddonRegistryImpl/" done in 8.100 μs
[13:42:43] [REI-ReloadPlugins/TRACE] [REI] [REIClientPlugin START] Reloading Section: "post-stage/me.shedaniel.rei.plugin.client.runtime.PluginStageExecutionWatcher$1/"
[13:42:43] [REI-ReloadPlugins/TRACE] [REI] [REIClientPlugin START] Reloading Section: "post-stage/me.shedaniel.rei.plugin.client.runtime.PluginStageExecutionWatcher$1/" done in 17.50 μs
[13:42:43] [REI-ReloadPlugins/TRACE] [REI] [REIClientPlugin START] Reloading Section: "post-stage/" done in 499.0 μs
[13:42:43] [REI-ReloadPlugins/DEBUG] [REI] ========================================
[13:42:43] [REI-ReloadPlugins/INFO] [REI] REIClientPlugin finished post-reload for START in 702.4 μs, totaling 223.7 ms.
[13:42:43] [REI-ReloadPlugins/DEBUG] [REI] ========================================
[13:42:43] [REI-ReloadPlugins/DEBUG] [REI] ========================================
[13:42:43] [REI-ReloadPlugins/DEBUG] [REI] REICommonPlugin starting pre-reload for END.
[13:42:43] [REI-ReloadPlugins/DEBUG] [REI] Reloadables (9):
[13:42:43] [REI-ReloadPlugins/DEBUG] [REI]  - SlotAccessorRegistryImpl
[13:42:43] [REI-ReloadPlugins/DEBUG] [REI]  - EntryTypeRegistryImpl
[13:42:43] [REI-ReloadPlugins/DEBUG] [REI]  - EntrySettingsAdapterRegistryImpl
[13:42:43] [REI-ReloadPlugins/DEBUG] [REI]  - ItemComparatorRegistryImpl
[13:42:43] [REI-ReloadPlugins/DEBUG] [REI]  - FluidComparatorRegistryImpl
[13:42:43] [REI-ReloadPlugins/DEBUG] [REI]  - DisplaySerializerRegistryImpl
[13:42:43] [REI-ReloadPlugins/DEBUG] [REI]  - ServerDisplayRegistryImpl
[13:42:43] [REI-ReloadPlugins/DEBUG] [REI]  - FluidSupportProviderImpl
[13:42:43] [REI-ReloadPlugins/DEBUG] [REI]  - me.shedaniel.rei.plugin.client.runtime.PluginStageExecutionWatcher$1
[13:42:43] [REI-ReloadPlugins/DEBUG] [REI] Plugins (2):
[13:42:43] [REI-ReloadPlugins/DEBUG] [REI]  - (-100,00) DefaultPluginImpl of DefaultPluginImpl [roughlyenoughitems]
[13:42:43] [REI-ReloadPlugins/DEBUG] [REI]  - (0,00) DefaultRuntimePlugin of DefaultRuntimePlugin [roughlyenoughitems]
[13:42:43] [REI-ReloadPlugins/DEBUG] [REI] ========================================
[13:42:43] [REI-ReloadPlugins/TRACE] [REI] [REICommonPlugin END] Reloading Section: "pre-register/"
[13:42:43] [REI-ReloadPlugins/TRACE] [REI] [REICommonPlugin END] Reloading Section: "pre-register/DefaultPluginImpl of DefaultPluginImpl [roughlyenoughitems]/"
[13:42:43] [REI-ReloadPlugins/TRACE] [REI] [REICommonPlugin END] Reloading Section: "pre-register/DefaultPluginImpl of DefaultPluginImpl [roughlyenoughitems]/" done in 18.60 μs
[13:42:43] [REI-ReloadPlugins/TRACE] [REI] [REICommonPlugin END] Reloading Section: "pre-register/DefaultRuntimePlugin of DefaultRuntimePlugin [roughlyenoughitems]/"
[13:42:43] [REI-ReloadPlugins/TRACE] [REI] [REICommonPlugin END] Reloading Section: "pre-register/DefaultRuntimePlugin of DefaultRuntimePlugin [roughlyenoughitems]/" done in 12.80 μs
[13:42:43] [REI-ReloadPlugins/TRACE] [REI] [REICommonPlugin END] Reloading Section: "pre-register/" done in 226.7 μs
[13:42:43] [REI-ReloadPlugins/TRACE] [REI] [REICommonPlugin END] Reloading Section: "pre-stage/"
[13:42:43] [REI-ReloadPlugins/TRACE] [REI] [REICommonPlugin END] Reloading Section: "pre-stage/SlotAccessorRegistryImpl/"
[13:42:43] [REI-ReloadPlugins/TRACE] [REI] [REICommonPlugin END] Reloading Section: "pre-stage/SlotAccessorRegistryImpl/" done in 10.20 μs
[13:42:43] [REI-ReloadPlugins/TRACE] [REI] [REICommonPlugin END] Reloading Section: "pre-stage/EntryTypeRegistryImpl/"
[13:42:43] [REI-ReloadPlugins/TRACE] [REI] [REICommonPlugin END] Reloading Section: "pre-stage/EntryTypeRegistryImpl/" done in 9.500 μs
[13:42:43] [REI-ReloadPlugins/TRACE] [REI] [REICommonPlugin END] Reloading Section: "pre-stage/EntrySettingsAdapterRegistryImpl/"
[13:42:43] [REI-ReloadPlugins/TRACE] [REI] [REICommonPlugin END] Reloading Section: "pre-stage/EntrySettingsAdapterRegistryImpl/" done in 9.100 μs
[13:42:43] [REI-ReloadPlugins/TRACE] [REI] [REICommonPlugin END] Reloading Section: "pre-stage/ItemComparatorRegistryImpl/"
[13:42:43] [REI-ReloadPlugins/TRACE] [REI] [REICommonPlugin END] Reloading Section: "pre-stage/ItemComparatorRegistryImpl/" done in 7.700 μs
[13:42:43] [REI-ReloadPlugins/TRACE] [REI] [REICommonPlugin END] Reloading Section: "pre-stage/FluidComparatorRegistryImpl/"
[13:42:43] [REI-ReloadPlugins/TRACE] [REI] [REICommonPlugin END] Reloading Section: "pre-stage/FluidComparatorRegistryImpl/" done in 13.90 μs
[13:42:43] [REI-ReloadPlugins/TRACE] [REI] [REICommonPlugin END] Reloading Section: "pre-stage/DisplaySerializerRegistryImpl/"
[13:42:43] [REI-ReloadPlugins/TRACE] [REI] [REICommonPlugin END] Reloading Section: "pre-stage/DisplaySerializerRegistryImpl/" done in 10.40 μs
[13:42:43] [REI-ReloadPlugins/TRACE] [REI] [REICommonPlugin END] Reloading Section: "pre-stage/ServerDisplayRegistryImpl/"
[13:42:43] [REI-ReloadPlugins/TRACE] [REI] [REICommonPlugin END] Reloading Section: "pre-stage/ServerDisplayRegistryImpl/" done in 7.200 μs
[13:42:43] [REI-ReloadPlugins/TRACE] [REI] [REICommonPlugin END] Reloading Section: "pre-stage/FluidSupportProviderImpl/"
[13:42:43] [REI-ReloadPlugins/TRACE] [REI] [REICommonPlugin END] Reloading Section: "pre-stage/FluidSupportProviderImpl/" done in 9.100 μs
[13:42:43] [REI-ReloadPlugins/TRACE] [REI] [REICommonPlugin END] Reloading Section: "pre-stage/me.shedaniel.rei.plugin.client.runtime.PluginStageExecutionWatcher$1/"
[13:42:43] [REI-ReloadPlugins/TRACE] [REI] [REICommonPlugin END] Reloading Section: "pre-stage/me.shedaniel.rei.plugin.client.runtime.PluginStageExecutionWatcher$1/" done in 11.80 μs
[13:42:43] [REI-ReloadPlugins/TRACE] [REI] [REICommonPlugin END] Reloading Section: "pre-stage/" done in 311.0 μs
[13:42:43] [REI-ReloadPlugins/DEBUG] [REI] ========================================
[13:42:43] [REI-ReloadPlugins/DEBUG] [REI] REICommonPlugin finished pre-reload for END in 576.2 μs.
[13:42:43] [REI-ReloadPlugins/DEBUG] [REI] ========================================
[13:42:43] [REI-ReloadPlugins/DEBUG] [REI] ========================================
[13:42:43] [REI-ReloadPlugins/DEBUG] [REI] REIClientPlugin starting pre-reload for END.
[13:42:43] [REI-ReloadPlugins/DEBUG] [REI] Reloadables (18):
[13:42:43] [REI-ReloadPlugins/DEBUG] [REI]  - EntryRendererRegistryImpl
[13:42:43] [REI-ReloadPlugins/DEBUG] [REI]  - ViewsImpl
[13:42:43] [REI-ReloadPlugins/DEBUG] [REI]  - InputMethodRegistryImpl
[13:42:43] [REI-ReloadPlugins/DEBUG] [REI]  - SearchProviderImpl
[13:42:43] [REI-ReloadPlugins/DEBUG] [REI]  - ConfigManagerImpl
[13:42:43] [REI-ReloadPlugins/DEBUG] [REI]  - EntryRegistryImpl
[13:42:43] [REI-ReloadPlugins/DEBUG] [REI]  - CollapsibleEntryRegistryImpl
[13:42:43] [REI-ReloadPlugins/DEBUG] [REI]  - BasicFilteringRuleImpl
[13:42:43] [REI-ReloadPlugins/DEBUG] [REI]  - CategoryRegistryImpl
[13:42:43] [REI-ReloadPlugins/DEBUG] [REI]  - DisplayRegistryImpl
[13:42:43] [REI-ReloadPlugins/DEBUG] [REI]  - ScreenRegistryImpl
[13:42:43] [REI-ReloadPlugins/DEBUG] [REI]  - FavoriteEntryTypeRegistryImpl
[13:42:43] [REI-ReloadPlugins/DEBUG] [REI]  - SubsetsRegistryImpl
[13:42:43] [REI-ReloadPlugins/DEBUG] [REI]  - TransferHandlerRegistryImpl
[13:42:43] [REI-ReloadPlugins/DEBUG] [REI]  - SearchRuntime
[13:42:43] [REI-ReloadPlugins/DEBUG] [REI]  - REIRuntimeImpl
[13:42:43] [REI-ReloadPlugins/DEBUG] [REI]  - ConfigAddonRegistryImpl
[13:42:43] [REI-ReloadPlugins/DEBUG] [REI]  - me.shedaniel.rei.plugin.client.runtime.PluginStageExecutionWatcher$1
[13:42:43] [REI-ReloadPlugins/DEBUG] [REI] Plugins (3):
[13:42:43] [REI-ReloadPlugins/DEBUG] [REI]  - (-100,00) DefaultClientPluginImpl of DefaultClientPluginImpl [roughlyenoughitems]
[13:42:43] [REI-ReloadPlugins/DEBUG] [REI]  - (0,00) HideIngredientsFromTagsPlugin of HideIngredientsFromTagsPlugin [roughlyenoughitems]
[13:42:43] [REI-ReloadPlugins/DEBUG] [REI]  - (0,00) DefaultClientRuntimePlugin of DefaultClientRuntimePlugin [roughlyenoughitems]
[13:42:43] [REI-ReloadPlugins/DEBUG] [REI] ========================================
[13:42:43] [REI-ReloadPlugins/TRACE] [REI] [REIClientPlugin END] Reloading Section: "pre-register/"
[13:42:43] [REI-ReloadPlugins/TRACE] [REI] [REIClientPlugin END] Reloading Section: "pre-register/DefaultClientPluginImpl of DefaultClientPluginImpl [roughlyenoughitems]/"
[13:42:43] [REI-ReloadPlugins/TRACE] [REI] [REIClientPlugin END] Reloading Section: "pre-register/DefaultClientPluginImpl of DefaultClientPluginImpl [roughlyenoughitems]/" done in 16.50 μs
[13:42:43] [REI-ReloadPlugins/TRACE] [REI] [REIClientPlugin END] Reloading Section: "pre-register/HideIngredientsFromTagsPlugin of HideIngredientsFromTagsPlugin [roughlyenoughitems]/"
[13:42:43] [REI-ReloadPlugins/TRACE] [REI] [REIClientPlugin END] Reloading Section: "pre-register/HideIngredientsFromTagsPlugin of HideIngredientsFromTagsPlugin [roughlyenoughitems]/" done in 12.50 μs
[13:42:43] [REI-ReloadPlugins/TRACE] [REI] [REIClientPlugin END] Reloading Section: "pre-register/DefaultClientRuntimePlugin of DefaultClientRuntimePlugin [roughlyenoughitems]/"
[13:42:43] [REI-ReloadPlugins/TRACE] [REI] [REIClientPlugin END] Reloading Section: "pre-register/DefaultClientRuntimePlugin of DefaultClientRuntimePlugin [roughlyenoughitems]/" done in 8.600 μs
[13:42:43] [REI-ReloadPlugins/TRACE] [REI] [REIClientPlugin END] Reloading Section: "pre-register/" done in 130.4 μs
[13:42:43] [REI-ReloadPlugins/TRACE] [REI] [REIClientPlugin END] Reloading Section: "pre-stage/"
[13:42:43] [REI-ReloadPlugins/TRACE] [REI] [REIClientPlugin END] Reloading Section: "pre-stage/EntryRendererRegistryImpl/"
[13:42:43] [REI-ReloadPlugins/TRACE] [REI] [REIClientPlugin END] Reloading Section: "pre-stage/EntryRendererRegistryImpl/" done in 10.00 μs
[13:42:43] [REI-ReloadPlugins/TRACE] [REI] [REIClientPlugin END] Reloading Section: "pre-stage/ViewsImpl/"
[13:42:43] [REI-ReloadPlugins/TRACE] [REI] [REIClientPlugin END] Reloading Section: "pre-stage/ViewsImpl/" done in 7.800 μs
[13:42:43] [REI-ReloadPlugins/TRACE] [REI] [REIClientPlugin END] Reloading Section: "pre-stage/InputMethodRegistryImpl/"
[13:42:43] [REI-ReloadPlugins/TRACE] [REI] [REIClientPlugin END] Reloading Section: "pre-stage/InputMethodRegistryImpl/" done in 8.700 μs
[13:42:43] [REI-ReloadPlugins/TRACE] [REI] [REIClientPlugin END] Reloading Section: "pre-stage/SearchProviderImpl/"
[13:42:43] [REI-ReloadPlugins/TRACE] [REI] [REIClientPlugin END] Reloading Section: "pre-stage/SearchProviderImpl/" done in 7.300 μs
[13:42:43] [REI-ReloadPlugins/TRACE] [REI] [REIClientPlugin END] Reloading Section: "pre-stage/ConfigManagerImpl/"
[13:42:43] [REI-ReloadPlugins/TRACE] [REI] [REIClientPlugin END] Reloading Section: "pre-stage/ConfigManagerImpl/" done in 7.000 μs
[13:42:43] [REI-ReloadPlugins/TRACE] [REI] [REIClientPlugin END] Reloading Section: "pre-stage/EntryRegistryImpl/"
[13:42:43] [REI-ReloadPlugins/TRACE] [REI] [REIClientPlugin END] Reloading Section: "pre-stage/EntryRegistryImpl/" done in 8.000 μs
[13:42:43] [REI-ReloadPlugins/TRACE] [REI] [REIClientPlugin END] Reloading Section: "pre-stage/CollapsibleEntryRegistryImpl/"
[13:42:43] [REI-ReloadPlugins/TRACE] [REI] [REIClientPlugin END] Reloading Section: "pre-stage/CollapsibleEntryRegistryImpl/" done in 6.300 μs
[13:42:43] [REI-ReloadPlugins/TRACE] [REI] [REIClientPlugin END] Reloading Section: "pre-stage/BasicFilteringRuleImpl/"
[13:42:43] [REI-ReloadPlugins/TRACE] [REI] [REIClientPlugin END] Reloading Section: "pre-stage/BasicFilteringRuleImpl/" done in 7.300 μs
[13:42:43] [REI-ReloadPlugins/TRACE] [REI] [REIClientPlugin END] Reloading Section: "pre-stage/CategoryRegistryImpl/"
[13:42:43] [REI-ReloadPlugins/TRACE] [REI] [REIClientPlugin END] Reloading Section: "pre-stage/CategoryRegistryImpl/" done in 8.000 μs
[13:42:43] [REI-ReloadPlugins/TRACE] [REI] [REIClientPlugin END] Reloading Section: "pre-stage/DisplayRegistryImpl/"
[13:42:43] [REI-ReloadPlugins/TRACE] [REI] [REIClientPlugin END] Reloading Section: "pre-stage/DisplayRegistryImpl/" done in 8.200 μs
[13:42:43] [REI-ReloadPlugins/TRACE] [REI] [REIClientPlugin END] Reloading Section: "pre-stage/ScreenRegistryImpl/"
[13:42:43] [REI-ReloadPlugins/TRACE] [REI] [REIClientPlugin END] Reloading Section: "pre-stage/ScreenRegistryImpl/" done in 19.50 μs
[13:42:43] [REI-ReloadPlugins/TRACE] [REI] [REIClientPlugin END] Reloading Section: "pre-stage/FavoriteEntryTypeRegistryImpl/"
[13:42:43] [REI-ReloadPlugins/TRACE] [REI] [REIClientPlugin END] Reloading Section: "pre-stage/FavoriteEntryTypeRegistryImpl/" done in 7.600 μs
[13:42:43] [REI-ReloadPlugins/TRACE] [REI] [REIClientPlugin END] Reloading Section: "pre-stage/SubsetsRegistryImpl/"
[13:42:43] [REI-ReloadPlugins/TRACE] [REI] [REIClientPlugin END] Reloading Section: "pre-stage/SubsetsRegistryImpl/" done in 11.40 μs
[13:42:43] [REI-ReloadPlugins/TRACE] [REI] [REIClientPlugin END] Reloading Section: "pre-stage/TransferHandlerRegistryImpl/"
[13:42:43] [REI-ReloadPlugins/TRACE] [REI] [REIClientPlugin END] Reloading Section: "pre-stage/TransferHandlerRegistryImpl/" done in 8.100 μs
[13:42:43] [REI-ReloadPlugins/TRACE] [REI] [REIClientPlugin END] Reloading Section: "pre-stage/SearchRuntime/"
[13:42:43] [REI-ReloadPlugins/TRACE] [REI] [REIClientPlugin END] Reloading Section: "pre-stage/SearchRuntime/" done in 6.700 μs
[13:42:43] [REI-ReloadPlugins/TRACE] [REI] [REIClientPlugin END] Reloading Section: "pre-stage/REIRuntimeImpl/"
[13:42:43] [REI-ReloadPlugins/TRACE] [REI] [REIClientPlugin END] Reloading Section: "pre-stage/REIRuntimeImpl/" done in 12.50 μs
[13:42:43] [REI-ReloadPlugins/TRACE] [REI] [REIClientPlugin END] Reloading Section: "pre-stage/ConfigAddonRegistryImpl/"
[13:42:43] [REI-ReloadPlugins/TRACE] [REI] [REIClientPlugin END] Reloading Section: "pre-stage/ConfigAddonRegistryImpl/" done in 7.300 μs
[13:42:43] [REI-ReloadPlugins/TRACE] [REI] [REIClientPlugin END] Reloading Section: "pre-stage/me.shedaniel.rei.plugin.client.runtime.PluginStageExecutionWatcher$1/"
[13:42:43] [REI-ReloadPlugins/TRACE] [REI] [REIClientPlugin END] Reloading Section: "pre-stage/me.shedaniel.rei.plugin.client.runtime.PluginStageExecutionWatcher$1/" done in 9.400 μs
[13:42:43] [REI-ReloadPlugins/TRACE] [REI] [REIClientPlugin END] Reloading Section: "pre-stage/" done in 392.2 μs
[13:42:43] [REI-ReloadPlugins/DEBUG] [REI] ========================================
[13:42:43] [REI-ReloadPlugins/DEBUG] [REI] REIClientPlugin finished pre-reload for END in 563.7 μs.
[13:42:43] [REI-ReloadPlugins/DEBUG] [REI] ========================================
[13:42:43] [REI-ReloadPlugins/INFO] [REI] ########################################
[13:42:43] [REI-ReloadPlugins/INFO] [REI] REICommonPlugin starting main-reload for END.
[13:42:43] [REI-ReloadPlugins/DEBUG] [REI] Reloadables (9):
[13:42:43] [REI-ReloadPlugins/DEBUG] [REI]  - SlotAccessorRegistryImpl
[13:42:43] [REI-ReloadPlugins/DEBUG] [REI]  - EntryTypeRegistryImpl
[13:42:43] [REI-ReloadPlugins/DEBUG] [REI]  - EntrySettingsAdapterRegistryImpl
[13:42:43] [REI-ReloadPlugins/DEBUG] [REI]  - ItemComparatorRegistryImpl
[13:42:43] [REI-ReloadPlugins/DEBUG] [REI]  - FluidComparatorRegistryImpl
[13:42:43] [REI-ReloadPlugins/DEBUG] [REI]  - DisplaySerializerRegistryImpl
[13:42:43] [REI-ReloadPlugins/DEBUG] [REI]  - ServerDisplayRegistryImpl
[13:42:43] [REI-ReloadPlugins/DEBUG] [REI]  - FluidSupportProviderImpl
[13:42:43] [REI-ReloadPlugins/DEBUG] [REI]  - me.shedaniel.rei.plugin.client.runtime.PluginStageExecutionWatcher$1
[13:42:43] [REI-ReloadPlugins/INFO] [REI] Plugins (2):
[13:42:43] [REI-ReloadPlugins/INFO] [REI]  - (-100,00) DefaultPluginImpl of DefaultPluginImpl [roughlyenoughitems]
[13:42:43] [REI-ReloadPlugins/INFO] [REI]  - (0,00) DefaultRuntimePlugin of DefaultRuntimePlugin [roughlyenoughitems]
[13:42:43] [REI-ReloadPlugins/INFO] [REI] ########################################
[13:42:43] [REI-ReloadPlugins/TRACE] [REI] [REICommonPlugin END] Reloading Section: "start-reload/"
[13:42:43] [REI-ReloadPlugins/TRACE] [REI] [REICommonPlugin END] Reloading Section: "start-reload/SlotAccessorRegistryImpl/"
[13:42:43] [REI-ReloadPlugins/TRACE] [REI] [REICommonPlugin END] Reloading Section: "start-reload/SlotAccessorRegistryImpl/" done in 15.30 μs
[13:42:43] [REI-ReloadPlugins/TRACE] [REI] [REICommonPlugin END] Reloading Section: "start-reload/EntryTypeRegistryImpl/"
[13:42:43] [REI-ReloadPlugins/TRACE] [REI] [REICommonPlugin END] Reloading Section: "start-reload/EntryTypeRegistryImpl/" done in 12.30 μs
[13:42:43] [REI-ReloadPlugins/TRACE] [REI] [REICommonPlugin END] Reloading Section: "start-reload/EntrySettingsAdapterRegistryImpl/"
[13:42:43] [REI-ReloadPlugins/TRACE] [REI] [REICommonPlugin END] Reloading Section: "start-reload/EntrySettingsAdapterRegistryImpl/" done in 13.50 μs
[13:42:43] [REI-ReloadPlugins/TRACE] [REI] [REICommonPlugin END] Reloading Section: "start-reload/ItemComparatorRegistryImpl/"
[13:42:43] [REI-ReloadPlugins/TRACE] [REI] [REICommonPlugin END] Reloading Section: "start-reload/ItemComparatorRegistryImpl/" done in 10.60 μs
[13:42:43] [REI-ReloadPlugins/TRACE] [REI] [REICommonPlugin END] Reloading Section: "start-reload/FluidComparatorRegistryImpl/"
[13:42:43] [REI-ReloadPlugins/TRACE] [REI] [REICommonPlugin END] Reloading Section: "start-reload/FluidComparatorRegistryImpl/" done in 7.900 μs
[13:42:43] [REI-ReloadPlugins/TRACE] [REI] [REICommonPlugin END] Reloading Section: "start-reload/DisplaySerializerRegistryImpl/"
[13:42:43] [REI-ReloadPlugins/TRACE] [REI] [REICommonPlugin END] Reloading Section: "start-reload/DisplaySerializerRegistryImpl/" done in 8.100 μs
[13:42:43] [REI-ReloadPlugins/TRACE] [REI] [REICommonPlugin END] Reloading Section: "start-reload/ServerDisplayRegistryImpl/"
[13:42:43] [REI-ReloadPlugins/TRACE] [REI] [REICommonPlugin END] Reloading Section: "start-reload/ServerDisplayRegistryImpl/" done in 106.4 μs
[13:42:43] [REI-ReloadPlugins/TRACE] [REI] [REICommonPlugin END] Reloading Section: "start-reload/FluidSupportProviderImpl/"
[13:42:43] [REI-ReloadPlugins/TRACE] [REI] [REICommonPlugin END] Reloading Section: "start-reload/FluidSupportProviderImpl/" done in 9.100 μs
[13:42:43] [REI-ReloadPlugins/TRACE] [REI] [REICommonPlugin END] Reloading Section: "start-reload/me.shedaniel.rei.plugin.client.runtime.PluginStageExecutionWatcher$1/"
[13:42:43] [REI-ReloadPlugins/TRACE] [REI] [REICommonPlugin END] Reloading Section: "start-reload/me.shedaniel.rei.plugin.client.runtime.PluginStageExecutionWatcher$1/" done in 9.500 μs
[13:42:43] [REI-ReloadPlugins/TRACE] [REI] [REICommonPlugin END] Reloading Section: "start-reload/" done in 424.2 μs
[13:42:43] [REI-ReloadPlugins/DEBUG] [REI] ========================================
[13:42:43] [REI-ReloadPlugins/DEBUG] [REI] REICommonPlugin started main-reload for END.
[13:42:43] [REI-ReloadPlugins/DEBUG] [REI] ========================================
[13:42:43] [REI-ReloadPlugins/TRACE] [REI] [REICommonPlugin END] Reloading Section: "reloadable-plugin/SlotAccessorRegistryImpl/"
[13:42:43] [REI-ReloadPlugins/TRACE] [REI] [REICommonPlugin END] Reloading Section: "reloadable-plugin/SlotAccessorRegistryImpl/DefaultPluginImpl of DefaultPluginImpl [roughlyenoughitems]/"
[13:42:43] [REI-ReloadPlugins/TRACE] [REI] [REICommonPlugin END] Reloading Section: "reloadable-plugin/SlotAccessorRegistryImpl/DefaultPluginImpl of DefaultPluginImpl [roughlyenoughitems]/" done in 37.80 μs
[13:42:43] [REI-ReloadPlugins/TRACE] [REI] [REICommonPlugin END] Reloading Section: "reloadable-plugin/SlotAccessorRegistryImpl/DefaultRuntimePlugin of DefaultRuntimePlugin [roughlyenoughitems]/"
[13:42:43] [REI-ReloadPlugins/DEBUG] [REI] Added slot accessor serializer: me.shedaniel.rei.plugin.common.runtime.DefaultRuntimePlugin$1@3a0047af [roughlyenoughitems:vanilla]
[13:42:43] [REI-ReloadPlugins/DEBUG] [REI] Added slot accessor serializer: me.shedaniel.rei.plugin.common.runtime.DefaultRuntimePlugin$2@55917398 [roughlyenoughitems:player]
[13:42:43] [REI-ReloadPlugins/TRACE] [REI] [REICommonPlugin END] Reloading Section: "reloadable-plugin/SlotAccessorRegistryImpl/DefaultRuntimePlugin of DefaultRuntimePlugin [roughlyenoughitems]/" done in 1.710 ms
[13:42:43] [REI-ReloadPlugins/TRACE] [REI] [REICommonPlugin END] Reloading Section: "reloadable-plugin/SlotAccessorRegistryImpl/" done in 1.889 ms
[13:42:43] [REI-ReloadPlugins/TRACE] [REI] [REICommonPlugin END] Reloading Section: "reloadable-plugin/EntryTypeRegistryImpl/"
[13:42:43] [REI-ReloadPlugins/TRACE] [REI] [REICommonPlugin END] Reloading Section: "reloadable-plugin/EntryTypeRegistryImpl/DefaultPluginImpl of DefaultPluginImpl [roughlyenoughitems]/"
[13:42:43] [REI-ReloadPlugins/TRACE] [REI] [REICommonPlugin END] Reloading Section: "reloadable-plugin/EntryTypeRegistryImpl/DefaultPluginImpl of DefaultPluginImpl [roughlyenoughitems]/" done in 14.30 μs
[13:42:43] [REI-ReloadPlugins/TRACE] [REI] [REICommonPlugin END] Reloading Section: "reloadable-plugin/EntryTypeRegistryImpl/DefaultRuntimePlugin of DefaultRuntimePlugin [roughlyenoughitems]/"
[13:42:43] [REI-ReloadPlugins/TRACE] [REI] [REICommonPlugin END] Reloading Section: "reloadable-plugin/EntryTypeRegistryImpl/DefaultRuntimePlugin of DefaultRuntimePlugin [roughlyenoughitems]/" done in 13.40 μs
[13:42:43] [REI-ReloadPlugins/TRACE] [REI] [REICommonPlugin END] Reloading Section: "reloadable-plugin/EntryTypeRegistryImpl/" done in 96.50 μs
[13:42:43] [REI-ReloadPlugins/TRACE] [REI] [REICommonPlugin END] Reloading Section: "reloadable-plugin/EntrySettingsAdapterRegistryImpl/"
[13:42:43] [REI-ReloadPlugins/TRACE] [REI] [REICommonPlugin END] Reloading Section: "reloadable-plugin/EntrySettingsAdapterRegistryImpl/DefaultPluginImpl of DefaultPluginImpl [roughlyenoughitems]/"
[13:42:43] [REI-ReloadPlugins/TRACE] [REI] [REICommonPlugin END] Reloading Section: "reloadable-plugin/EntrySettingsAdapterRegistryImpl/DefaultPluginImpl of DefaultPluginImpl [roughlyenoughitems]/" done in 25.70 μs
[13:42:43] [REI-ReloadPlugins/TRACE] [REI] [REICommonPlugin END] Reloading Section: "reloadable-plugin/EntrySettingsAdapterRegistryImpl/DefaultRuntimePlugin of DefaultRuntimePlugin [roughlyenoughitems]/"
[13:42:43] [REI-ReloadPlugins/TRACE] [REI] [REICommonPlugin END] Reloading Section: "reloadable-plugin/EntrySettingsAdapterRegistryImpl/DefaultRuntimePlugin of DefaultRuntimePlugin [roughlyenoughitems]/" done in 9.500 μs
[13:42:43] [REI-ReloadPlugins/TRACE] [REI] [REICommonPlugin END] Reloading Section: "reloadable-plugin/EntrySettingsAdapterRegistryImpl/" done in 77.60 μs
[13:42:43] [REI-ReloadPlugins/TRACE] [REI] [REICommonPlugin END] Reloading Section: "reloadable-plugin/ItemComparatorRegistryImpl/"
[13:42:43] [REI-ReloadPlugins/TRACE] [REI] [REICommonPlugin END] Reloading Section: "reloadable-plugin/ItemComparatorRegistryImpl/DefaultPluginImpl of DefaultPluginImpl [roughlyenoughitems]/"
[13:42:43] [REI-ReloadPlugins/TRACE] [REI] [REICommonPlugin END] Reloading Section: "reloadable-plugin/ItemComparatorRegistryImpl/DefaultPluginImpl of DefaultPluginImpl [roughlyenoughitems]/" done in 9.600 μs
[13:42:43] [REI-ReloadPlugins/TRACE] [REI] [REICommonPlugin END] Reloading Section: "reloadable-plugin/ItemComparatorRegistryImpl/DefaultRuntimePlugin of DefaultRuntimePlugin [roughlyenoughitems]/"
[13:42:43] [REI-ReloadPlugins/TRACE] [REI] [REICommonPlugin END] Reloading Section: "reloadable-plugin/ItemComparatorRegistryImpl/DefaultRuntimePlugin of DefaultRuntimePlugin [roughlyenoughitems]/" done in 8.900 μs
[13:42:43] [REI-ReloadPlugins/TRACE] [REI] [REICommonPlugin END] Reloading Section: "reloadable-plugin/ItemComparatorRegistryImpl/" done in 55.00 μs
[13:42:43] [REI-ReloadPlugins/TRACE] [REI] [REICommonPlugin END] Reloading Section: "reloadable-plugin/FluidComparatorRegistryImpl/"
[13:42:43] [REI-ReloadPlugins/TRACE] [REI] [REICommonPlugin END] Reloading Section: "reloadable-plugin/FluidComparatorRegistryImpl/DefaultPluginImpl of DefaultPluginImpl [roughlyenoughitems]/"
[13:42:43] [REI-ReloadPlugins/TRACE] [REI] [REICommonPlugin END] Reloading Section: "reloadable-plugin/FluidComparatorRegistryImpl/DefaultPluginImpl of DefaultPluginImpl [roughlyenoughitems]/" done in 9.200 μs
[13:42:43] [REI-ReloadPlugins/TRACE] [REI] [REICommonPlugin END] Reloading Section: "reloadable-plugin/FluidComparatorRegistryImpl/DefaultRuntimePlugin of DefaultRuntimePlugin [roughlyenoughitems]/"
[13:42:43] [REI-ReloadPlugins/TRACE] [REI] [REICommonPlugin END] Reloading Section: "reloadable-plugin/FluidComparatorRegistryImpl/DefaultRuntimePlugin of DefaultRuntimePlugin [roughlyenoughitems]/" done in 8.900 μs
[13:42:43] [REI-ReloadPlugins/TRACE] [REI] [REICommonPlugin END] Reloading Section: "reloadable-plugin/FluidComparatorRegistryImpl/" done in 57.10 μs
[13:42:43] [REI-ReloadPlugins/TRACE] [REI] [REICommonPlugin END] Reloading Section: "reloadable-plugin/DisplaySerializerRegistryImpl/"
[13:42:43] [REI-ReloadPlugins/TRACE] [REI] [REICommonPlugin END] Reloading Section: "reloadable-plugin/DisplaySerializerRegistryImpl/DefaultPluginImpl of DefaultPluginImpl [roughlyenoughitems]/"
[13:42:43] [REI-ReloadPlugins/TRACE] [REI] [REICommonPlugin END] Reloading Section: "reloadable-plugin/DisplaySerializerRegistryImpl/DefaultPluginImpl of DefaultPluginImpl [roughlyenoughitems]/" done in 10.30 μs
[13:42:43] [REI-ReloadPlugins/TRACE] [REI] [REICommonPlugin END] Reloading Section: "reloadable-plugin/DisplaySerializerRegistryImpl/DefaultRuntimePlugin of DefaultRuntimePlugin [roughlyenoughitems]/"
[13:42:43] [REI-ReloadPlugins/TRACE] [REI] [REICommonPlugin END] Reloading Section: "reloadable-plugin/DisplaySerializerRegistryImpl/DefaultRuntimePlugin of DefaultRuntimePlugin [roughlyenoughitems]/" done in 10.90 μs
[13:42:43] [REI-ReloadPlugins/TRACE] [REI] [REICommonPlugin END] Reloading Section: "reloadable-plugin/DisplaySerializerRegistryImpl/" done in 59.00 μs
[13:42:43] [REI-ReloadPlugins/TRACE] [REI] [REICommonPlugin END] Reloading Section: "reloadable-plugin/ServerDisplayRegistryImpl/"
[13:42:43] [REI-ReloadPlugins/TRACE] [REI] [REICommonPlugin END] Reloading Section: "reloadable-plugin/ServerDisplayRegistryImpl/DefaultPluginImpl of DefaultPluginImpl [roughlyenoughitems]/"
[13:42:43] [REI-ReloadPlugins/DEBUG] [REI] Added display filter: me.shedaniel.rei.api.common.registry.display.DisplayConsumer$RecipeManagerConsumer$RecipeFillerBuilder$$Lambda/0x0000000086af2bb8@62d0a7c
[13:42:43] [REI-ReloadPlugins/DEBUG] [REI] Added display filter: me.shedaniel.rei.api.common.registry.display.DisplayConsumer$RecipeManagerConsumer$RecipeFillerBuilder$$Lambda/0x0000000086af2bb8@6cd363d2
[13:42:43] [REI-ReloadPlugins/DEBUG] [REI] Added display filter: me.shedaniel.rei.api.common.registry.display.DisplayConsumer$RecipeManagerConsumer$RecipeFillerBuilder$$Lambda/0x0000000086af2bb8@70a8ddbb
[13:42:43] [REI-ReloadPlugins/DEBUG] [REI] Added display filter: me.shedaniel.rei.api.common.registry.display.DisplayConsumer$RecipeManagerConsumer$RecipeFillerBuilder$$Lambda/0x0000000086af2bb8@37cce011
[13:42:43] [REI-ReloadPlugins/DEBUG] [REI] Added display filter: me.shedaniel.rei.api.common.registry.display.DisplayConsumer$RecipeManagerConsumer$RecipeFillerBuilder$$Lambda/0x0000000086af2bb8@5d0c4ed9
[13:42:43] [REI-ReloadPlugins/DEBUG] [REI] Added display filter: me.shedaniel.rei.api.common.registry.display.DisplayConsumer$RecipeManagerConsumer$RecipeFillerBuilder$$Lambda/0x0000000086af2bb8@7b21956e
[13:42:43] [REI-ReloadPlugins/DEBUG] [REI] Added display filter: me.shedaniel.rei.api.common.registry.display.DisplayConsumer$RecipeManagerConsumer$RecipeFillerBuilder$$Lambda/0x0000000086af2bb8@5710df14
[13:42:43] [REI-ReloadPlugins/DEBUG] [REI] Added display filter: me.shedaniel.rei.api.common.registry.display.DisplayConsumer$RecipeManagerConsumer$RecipeFillerBuilder$$Lambda/0x0000000086af51b8@726e8cb0
[13:42:43] [REI-ReloadPlugins/DEBUG] [REI] Added display filter: me.shedaniel.rei.api.common.registry.display.DisplayConsumer$RecipeManagerConsumer$RecipeFillerBuilder$$Lambda/0x0000000086af51b8@42d58b0
[13:42:43] [REI-ReloadPlugins/DEBUG] [REI] Added display filter: me.shedaniel.rei.api.common.registry.display.DisplayConsumer$RecipeManagerConsumer$RecipeFillerBuilder$$Lambda/0x0000000086af51b8@6ee6eb37
[13:42:43] [REI-ReloadPlugins/DEBUG] [REI] Added display filter: me.shedaniel.rei.api.common.registry.display.DisplayConsumer$RecipeManagerConsumer$RecipeFillerBuilder$$Lambda/0x0000000086af51b8@7557cb5d
[13:42:43] [REI-ReloadPlugins/DEBUG] [REI] Added display filter: me.shedaniel.rei.api.common.registry.display.DisplayConsumer$RecipeManagerConsumer$RecipeFillerBuilder$$Lambda/0x0000000086af51b8@735ac24b
[13:42:43] [REI-ReloadPlugins/DEBUG] [REI] Added display filter: me.shedaniel.rei.api.common.registry.display.DisplayConsumer$RecipeManagerConsumer$RecipeFillerBuilder$$Lambda/0x0000000086af51b8@1d5cfc48
[13:42:43] [REI-ReloadPlugins/TRACE] [REI] [REICommonPlugin END] Reloading Section: "reloadable-plugin/ServerDisplayRegistryImpl/DefaultPluginImpl of DefaultPluginImpl [roughlyenoughitems]/" done in 2.410 ms
[13:42:43] [REI-ReloadPlugins/TRACE] [REI] [REICommonPlugin END] Reloading Section: "reloadable-plugin/ServerDisplayRegistryImpl/DefaultRuntimePlugin of DefaultRuntimePlugin [roughlyenoughitems]/"
[13:42:43] [REI-ReloadPlugins/TRACE] [REI] [REICommonPlugin END] Reloading Section: "reloadable-plugin/ServerDisplayRegistryImpl/DefaultRuntimePlugin of DefaultRuntimePlugin [roughlyenoughitems]/" done in 22.10 μs
[13:42:43] [REI-ReloadPlugins/TRACE] [REI] [REICommonPlugin END] Reloading Section: "reloadable-plugin/ServerDisplayRegistryImpl/" done in 2.514 ms
[13:42:43] [REI-ReloadPlugins/TRACE] [REI] [REICommonPlugin END] Reloading Section: "reloadable-plugin/FluidSupportProviderImpl/"
[13:42:43] [REI-ReloadPlugins/TRACE] [REI] [REICommonPlugin END] Reloading Section: "reloadable-plugin/FluidSupportProviderImpl/DefaultPluginImpl of DefaultPluginImpl [roughlyenoughitems]/"
[13:42:43] [REI-ReloadPlugins/TRACE] [REI] [REICommonPlugin END] Reloading Section: "reloadable-plugin/FluidSupportProviderImpl/DefaultPluginImpl of DefaultPluginImpl [roughlyenoughitems]/" done in 15.50 μs
[13:42:43] [REI-ReloadPlugins/TRACE] [REI] [REICommonPlugin END] Reloading Section: "reloadable-plugin/FluidSupportProviderImpl/DefaultRuntimePlugin of DefaultRuntimePlugin [roughlyenoughitems]/"
[13:42:43] [REI-ReloadPlugins/TRACE] [REI] [REICommonPlugin END] Reloading Section: "reloadable-plugin/FluidSupportProviderImpl/DefaultRuntimePlugin of DefaultRuntimePlugin [roughlyenoughitems]/" done in 21.20 μs
[13:42:43] [REI-ReloadPlugins/TRACE] [REI] [REICommonPlugin END] Reloading Section: "reloadable-plugin/FluidSupportProviderImpl/" done in 165.3 μs
[13:42:43] [REI-ReloadPlugins/TRACE] [REI] [REICommonPlugin END] Reloading Section: "reloadable-plugin/me.shedaniel.rei.plugin.client.runtime.PluginStageExecutionWatcher$1/"
[13:42:43] [REI-ReloadPlugins/TRACE] [REI] [REICommonPlugin END] Reloading Section: "reloadable-plugin/me.shedaniel.rei.plugin.client.runtime.PluginStageExecutionWatcher$1/DefaultPluginImpl of DefaultPluginImpl [roughlyenoughitems]/"
[13:42:43] [REI-ReloadPlugins/TRACE] [REI] [REICommonPlugin END] Reloading Section: "reloadable-plugin/me.shedaniel.rei.plugin.client.runtime.PluginStageExecutionWatcher$1/DefaultPluginImpl of DefaultPluginImpl [roughlyenoughitems]/" done in 13.60 μs
[13:42:43] [REI-ReloadPlugins/TRACE] [REI] [REICommonPlugin END] Reloading Section: "reloadable-plugin/me.shedaniel.rei.plugin.client.runtime.PluginStageExecutionWatcher$1/DefaultRuntimePlugin of DefaultRuntimePlugin [roughlyenoughitems]/"
[13:42:43] [REI-ReloadPlugins/TRACE] [REI] [REICommonPlugin END] Reloading Section: "reloadable-plugin/me.shedaniel.rei.plugin.client.runtime.PluginStageExecutionWatcher$1/DefaultRuntimePlugin of DefaultRuntimePlugin [roughlyenoughitems]/" done in 11.40 μs
[13:42:43] [REI-ReloadPlugins/TRACE] [REI] [REICommonPlugin END] Reloading Section: "reloadable-plugin/me.shedaniel.rei.plugin.client.runtime.PluginStageExecutionWatcher$1/" done in 102.9 μs
[13:42:43] [REI-ReloadPlugins/DEBUG] [REI] ========================================
[13:42:43] [REI-ReloadPlugins/DEBUG] [REI] REICommonPlugin ending main-reload for END.
[13:42:43] [REI-ReloadPlugins/DEBUG] [REI] ========================================
[13:42:43] [REI-ReloadPlugins/TRACE] [REI] [REICommonPlugin END] Reloading Section: "end-reload/"
[13:42:43] [REI-ReloadPlugins/TRACE] [REI] [REICommonPlugin END] Reloading Section: "end-reload/SlotAccessorRegistryImpl/"
[13:42:43] [REI-ReloadPlugins/DEBUG] [REI] Registered 2 slot accessor serializers
[13:42:43] [REI-ReloadPlugins/TRACE] [REI] [REICommonPlugin END] Reloading Section: "end-reload/SlotAccessorRegistryImpl/" done in 81.70 μs
[13:42:43] [REI-ReloadPlugins/TRACE] [REI] [REICommonPlugin END] Reloading Section: "end-reload/EntryTypeRegistryImpl/"
[13:42:43] [REI-ReloadPlugins/TRACE] [REI] [REICommonPlugin END] Reloading Section: "end-reload/EntryTypeRegistryImpl/" done in 9.500 μs
[13:42:43] [REI-ReloadPlugins/TRACE] [REI] [REICommonPlugin END] Reloading Section: "end-reload/EntrySettingsAdapterRegistryImpl/"
[13:42:43] [REI-ReloadPlugins/TRACE] [REI] [REICommonPlugin END] Reloading Section: "end-reload/EntrySettingsAdapterRegistryImpl/" done in 12.00 μs
[13:42:43] [REI-ReloadPlugins/TRACE] [REI] [REICommonPlugin END] Reloading Section: "end-reload/ItemComparatorRegistryImpl/"
[13:42:43] [REI-ReloadPlugins/TRACE] [REI] [REICommonPlugin END] Reloading Section: "end-reload/ItemComparatorRegistryImpl/" done in 7.400 μs
[13:42:43] [REI-ReloadPlugins/TRACE] [REI] [REICommonPlugin END] Reloading Section: "end-reload/FluidComparatorRegistryImpl/"
[13:42:43] [REI-ReloadPlugins/TRACE] [REI] [REICommonPlugin END] Reloading Section: "end-reload/FluidComparatorRegistryImpl/" done in 7.700 μs
[13:42:43] [REI-ReloadPlugins/TRACE] [REI] [REICommonPlugin END] Reloading Section: "end-reload/DisplaySerializerRegistryImpl/"
[13:42:43] [REI-ReloadPlugins/TRACE] [REI] [REICommonPlugin END] Reloading Section: "end-reload/DisplaySerializerRegistryImpl/" done in 6.300 μs
[13:42:43] [REI-ReloadPlugins/TRACE] [REI] [REICommonPlugin END] Reloading Section: "end-reload/ServerDisplayRegistryImpl/"
[13:42:43] [REI-ReloadPlugins/DEBUG] [REI] Found preliminary 0 displays
[13:42:43] [REI-ReloadPlugins/DEBUG] [REI] Filled 1941 displays from recipe manager in 42.10 ms
[13:42:43] [REI-ReloadPlugins/TRACE] [REI] [REICommonPlugin END] Reloading Section: "end-reload/ServerDisplayRegistryImpl/" done in 42.76 ms
[13:42:43] [REI-ReloadPlugins/TRACE] [REI] [REICommonPlugin END] Reloading Section: "end-reload/FluidSupportProviderImpl/"
[13:42:43] [REI-ReloadPlugins/TRACE] [REI] [REICommonPlugin END] Reloading Section: "end-reload/FluidSupportProviderImpl/" done in 21.10 μs
[13:42:43] [REI-ReloadPlugins/TRACE] [REI] [REICommonPlugin END] Reloading Section: "end-reload/me.shedaniel.rei.plugin.client.runtime.PluginStageExecutionWatcher$1/"
[13:42:43] [REI-ReloadPlugins/TRACE] [REI] [REICommonPlugin END] Reloading Section: "end-reload/me.shedaniel.rei.plugin.client.runtime.PluginStageExecutionWatcher$1/" done in 9.900 μs
[13:42:43] [REI-ReloadPlugins/TRACE] [REI] [REICommonPlugin END] Reloading Section: "end-reload/" done in 43.22 ms
[13:42:43] [REI-ReloadPlugins/DEBUG] [REI] ========================================
[13:42:43] [REI-ReloadPlugins/DEBUG] [REI] REICommonPlugin ended main-reload for END in 49.46 ms.
[13:42:43] [REI-ReloadPlugins/DEBUG] [REI] ========================================
[13:42:43] [REI-ReloadPlugins/INFO] [REI] ########################################
[13:42:43] [REI-ReloadPlugins/INFO] [REI] REIClientPlugin starting main-reload for END.
[13:42:43] [REI-ReloadPlugins/DEBUG] [REI] Reloadables (18):
[13:42:43] [REI-ReloadPlugins/DEBUG] [REI]  - EntryRendererRegistryImpl
[13:42:43] [REI-ReloadPlugins/DEBUG] [REI]  - ViewsImpl
[13:42:43] [REI-ReloadPlugins/DEBUG] [REI]  - InputMethodRegistryImpl
[13:42:43] [REI-ReloadPlugins/DEBUG] [REI]  - SearchProviderImpl
[13:42:43] [REI-ReloadPlugins/DEBUG] [REI]  - ConfigManagerImpl
[13:42:43] [REI-ReloadPlugins/DEBUG] [REI]  - EntryRegistryImpl
[13:42:43] [REI-ReloadPlugins/DEBUG] [REI]  - CollapsibleEntryRegistryImpl
[13:42:43] [REI-ReloadPlugins/DEBUG] [REI]  - BasicFilteringRuleImpl
[13:42:43] [REI-ReloadPlugins/DEBUG] [REI]  - CategoryRegistryImpl
[13:42:43] [REI-ReloadPlugins/DEBUG] [REI]  - DisplayRegistryImpl
[13:42:43] [REI-ReloadPlugins/DEBUG] [REI]  - ScreenRegistryImpl
[13:42:43] [REI-ReloadPlugins/DEBUG] [REI]  - FavoriteEntryTypeRegistryImpl
[13:42:43] [REI-ReloadPlugins/DEBUG] [REI]  - SubsetsRegistryImpl
[13:42:43] [REI-ReloadPlugins/DEBUG] [REI]  - TransferHandlerRegistryImpl
[13:42:43] [REI-ReloadPlugins/DEBUG] [REI]  - SearchRuntime
[13:42:43] [REI-ReloadPlugins/DEBUG] [REI]  - REIRuntimeImpl
[13:42:43] [REI-ReloadPlugins/DEBUG] [REI]  - ConfigAddonRegistryImpl
[13:42:43] [REI-ReloadPlugins/DEBUG] [REI]  - me.shedaniel.rei.plugin.client.runtime.PluginStageExecutionWatcher$1
[13:42:43] [REI-ReloadPlugins/INFO] [REI] Plugins (3):
[13:42:43] [REI-ReloadPlugins/INFO] [REI]  - (-100,00) DefaultClientPluginImpl of DefaultClientPluginImpl [roughlyenoughitems]
[13:42:43] [REI-ReloadPlugins/INFO] [REI]  - (0,00) HideIngredientsFromTagsPlugin of HideIngredientsFromTagsPlugin [roughlyenoughitems]
[13:42:43] [REI-ReloadPlugins/INFO] [REI]  - (0,00) DefaultClientRuntimePlugin of DefaultClientRuntimePlugin [roughlyenoughitems]
[13:42:43] [REI-ReloadPlugins/INFO] [REI] ########################################
[13:42:43] [REI-ReloadPlugins/TRACE] [REI] [REIClientPlugin END] Reloading Section: "start-reload/"
[13:42:43] [REI-ReloadPlugins/TRACE] [REI] [REIClientPlugin END] Reloading Section: "start-reload/EntryRendererRegistryImpl/"
[13:42:43] [REI-ReloadPlugins/TRACE] [REI] [REIClientPlugin END] Reloading Section: "start-reload/EntryRendererRegistryImpl/" done in 27.10 μs
[13:42:43] [REI-ReloadPlugins/TRACE] [REI] [REIClientPlugin END] Reloading Section: "start-reload/ViewsImpl/"
[13:42:43] [REI-ReloadPlugins/TRACE] [REI] [REIClientPlugin END] Reloading Section: "start-reload/ViewsImpl/" done in 10.30 μs
[13:42:43] [REI-ReloadPlugins/TRACE] [REI] [REIClientPlugin END] Reloading Section: "start-reload/InputMethodRegistryImpl/"
[13:42:43] [REI-ReloadPlugins/TRACE] [REI] [REIClientPlugin END] Reloading Section: "start-reload/InputMethodRegistryImpl/" done in 12.70 μs
[13:42:43] [REI-ReloadPlugins/TRACE] [REI] [REIClientPlugin END] Reloading Section: "start-reload/SearchProviderImpl/"
[13:42:43] [REI-ReloadPlugins/TRACE] [REI] [REIClientPlugin END] Reloading Section: "start-reload/SearchProviderImpl/" done in 9.700 μs
[13:42:43] [REI-ReloadPlugins/TRACE] [REI] [REIClientPlugin END] Reloading Section: "start-reload/ConfigManagerImpl/"
[13:42:43] [REI-ReloadPlugins/TRACE] [REI] [REIClientPlugin END] Reloading Section: "start-reload/ConfigManagerImpl/" done in 8.700 μs
[13:42:43] [REI-ReloadPlugins/TRACE] [REI] [REIClientPlugin END] Reloading Section: "start-reload/EntryRegistryImpl/"
[13:42:43] [REI-ReloadPlugins/TRACE] [REI] [REIClientPlugin END] Reloading Section: "start-reload/EntryRegistryImpl/" done in 7.700 μs
[13:42:43] [REI-ReloadPlugins/TRACE] [REI] [REIClientPlugin END] Reloading Section: "start-reload/CollapsibleEntryRegistryImpl/"
[13:42:43] [REI-ReloadPlugins/TRACE] [REI] [REIClientPlugin END] Reloading Section: "start-reload/CollapsibleEntryRegistryImpl/" done in 13.60 μs
[13:42:43] [REI-ReloadPlugins/TRACE] [REI] [REIClientPlugin END] Reloading Section: "start-reload/BasicFilteringRuleImpl/"
[13:42:43] [REI-ReloadPlugins/TRACE] [REI] [REIClientPlugin END] Reloading Section: "start-reload/BasicFilteringRuleImpl/" done in 8.200 μs
[13:42:43] [REI-ReloadPlugins/TRACE] [REI] [REIClientPlugin END] Reloading Section: "start-reload/CategoryRegistryImpl/"
[13:42:43] [REI-ReloadPlugins/DEBUG] [REI] Added category visibility predicate: me.shedaniel.rei.impl.client.registry.category.CategoryRegistryImpl$$Lambda/0x0000000086b079d8@75702e02 [0,00 priority]
[13:42:43] [REI-ReloadPlugins/TRACE] [REI] [REIClientPlugin END] Reloading Section: "start-reload/CategoryRegistryImpl/" done in 1.202 ms
[13:42:43] [REI-ReloadPlugins/TRACE] [REI] [REIClientPlugin END] Reloading Section: "start-reload/DisplayRegistryImpl/"
[13:42:43] [REI-ReloadPlugins/TRACE] [REI] [REIClientPlugin END] Reloading Section: "start-reload/DisplayRegistryImpl/" done in 57.40 μs
[13:42:43] [REI-ReloadPlugins/TRACE] [REI] [REIClientPlugin END] Reloading Section: "start-reload/ScreenRegistryImpl/"
[13:42:43] [REI-ReloadPlugins/TRACE] [REI] [REIClientPlugin END] Reloading Section: "start-reload/ScreenRegistryImpl/" done in 9.300 μs
[13:42:43] [REI-ReloadPlugins/TRACE] [REI] [REIClientPlugin END] Reloading Section: "start-reload/FavoriteEntryTypeRegistryImpl/"
[13:42:43] [REI-ReloadPlugins/TRACE] [REI] [REIClientPlugin END] Reloading Section: "start-reload/FavoriteEntryTypeRegistryImpl/" done in 7.700 μs
[13:42:43] [REI-ReloadPlugins/TRACE] [REI] [REIClientPlugin END] Reloading Section: "start-reload/SubsetsRegistryImpl/"
[13:42:43] [REI-ReloadPlugins/TRACE] [REI] [REIClientPlugin END] Reloading Section: "start-reload/SubsetsRegistryImpl/" done in 11.00 μs
[13:42:43] [REI-ReloadPlugins/TRACE] [REI] [REIClientPlugin END] Reloading Section: "start-reload/TransferHandlerRegistryImpl/"
[13:42:43] [REI-ReloadPlugins/TRACE] [REI] [REIClientPlugin END] Reloading Section: "start-reload/TransferHandlerRegistryImpl/" done in 17.60 μs
[13:42:43] [REI-ReloadPlugins/TRACE] [REI] [REIClientPlugin END] Reloading Section: "start-reload/SearchRuntime/"
[13:42:43] [REI-ReloadPlugins/DEBUG] [REI] Preparing collapsed entry groups cache with 0 entries and 1834 stacks
[13:42:43] [REI-ReloadPlugins/DEBUG] [REI] Prepared collapsed entry groups cache with 0 entries and 1834 stacks
[13:42:43] [REI-ReloadPlugins/TRACE] [REI] [REIClientPlugin END] Reloading Section: "start-reload/SearchRuntime/" done in 312.4 μs
[13:42:43] [REI-ReloadPlugins/TRACE] [REI] [REIClientPlugin END] Reloading Section: "start-reload/REIRuntimeImpl/"
[13:42:43] [REI-ReloadPlugins/TRACE] [REI] [REIClientPlugin END] Reloading Section: "start-reload/REIRuntimeImpl/" done in 15.20 μs
[13:42:43] [REI-ReloadPlugins/TRACE] [REI] [REIClientPlugin END] Reloading Section: "start-reload/ConfigAddonRegistryImpl/"
[13:42:43] [REI-ReloadPlugins/TRACE] [REI] [REIClientPlugin END] Reloading Section: "start-reload/ConfigAddonRegistryImpl/" done in 12.20 μs
[13:42:43] [REI-ReloadPlugins/TRACE] [REI] [REIClientPlugin END] Reloading Section: "start-reload/me.shedaniel.rei.plugin.client.runtime.PluginStageExecutionWatcher$1/"
[13:42:43] [REI-ReloadPlugins/TRACE] [REI] [REIClientPlugin END] Reloading Section: "start-reload/me.shedaniel.rei.plugin.client.runtime.PluginStageExecutionWatcher$1/" done in 10.90 μs
[13:42:43] [REI-ReloadPlugins/TRACE] [REI] [REIClientPlugin END] Reloading Section: "start-reload/" done in 2.074 ms
[13:42:43] [REI-ReloadPlugins/DEBUG] [REI] ========================================
[13:42:43] [REI-ReloadPlugins/DEBUG] [REI] REIClientPlugin started main-reload for END.
[13:42:43] [REI-ReloadPlugins/DEBUG] [REI] ========================================
[13:42:43] [REI-ReloadPlugins/TRACE] [REI] [REIClientPlugin END] Reloading Section: "reloadable-plugin/EntryRendererRegistryImpl/"
[13:42:43] [REI-ReloadPlugins/TRACE] [REI] [REIClientPlugin END] Reloading Section: "reloadable-plugin/EntryRendererRegistryImpl/DefaultClientPluginImpl of DefaultClientPluginImpl [roughlyenoughitems]/"
[13:42:43] [REI-ReloadPlugins/TRACE] [REI] [REIClientPlugin END] Reloading Section: "reloadable-plugin/EntryRendererRegistryImpl/DefaultClientPluginImpl of DefaultClientPluginImpl [roughlyenoughitems]/" done in 63.50 μs
[13:42:43] [REI-ReloadPlugins/TRACE] [REI] [REIClientPlugin END] Reloading Section: "reloadable-plugin/EntryRendererRegistryImpl/HideIngredientsFromTagsPlugin of HideIngredientsFromTagsPlugin [roughlyenoughitems]/"
[13:42:43] [REI-ReloadPlugins/TRACE] [REI] [REIClientPlugin END] Reloading Section: "reloadable-plugin/EntryRendererRegistryImpl/HideIngredientsFromTagsPlugin of HideIngredientsFromTagsPlugin [roughlyenoughitems]/" done in 27.20 μs
[13:42:43] [REI-ReloadPlugins/TRACE] [REI] [REIClientPlugin END] Reloading Section: "reloadable-plugin/EntryRendererRegistryImpl/DefaultClientRuntimePlugin of DefaultClientRuntimePlugin [roughlyenoughitems]/"
[13:42:43] [REI-ReloadPlugins/TRACE] [REI] [REIClientPlugin END] Reloading Section: "reloadable-plugin/EntryRendererRegistryImpl/DefaultClientRuntimePlugin of DefaultClientRuntimePlugin [roughlyenoughitems]/" done in 9.800 μs
[13:42:43] [REI-ReloadPlugins/TRACE] [REI] [REIClientPlugin END] Reloading Section: "reloadable-plugin/EntryRendererRegistryImpl/" done in 200.0 μs
[13:42:43] [REI-ReloadPlugins/TRACE] [REI] [REIClientPlugin END] Reloading Section: "reloadable-plugin/ViewsImpl/"
[13:42:43] [REI-ReloadPlugins/TRACE] [REI] [REIClientPlugin END] Reloading Section: "reloadable-plugin/ViewsImpl/DefaultClientPluginImpl of DefaultClientPluginImpl [roughlyenoughitems]/"
[13:42:43] [REI-ReloadPlugins/TRACE] [REI] [REIClientPlugin END] Reloading Section: "reloadable-plugin/ViewsImpl/DefaultClientPluginImpl of DefaultClientPluginImpl [roughlyenoughitems]/" done in 12.20 μs
[13:42:43] [REI-ReloadPlugins/TRACE] [REI] [REIClientPlugin END] Reloading Section: "reloadable-plugin/ViewsImpl/HideIngredientsFromTagsPlugin of HideIngredientsFromTagsPlugin [roughlyenoughitems]/"
[13:42:43] [REI-ReloadPlugins/TRACE] [REI] [REIClientPlugin END] Reloading Section: "reloadable-plugin/ViewsImpl/HideIngredientsFromTagsPlugin of HideIngredientsFromTagsPlugin [roughlyenoughitems]/" done in 14.40 μs
[13:42:43] [REI-ReloadPlugins/TRACE] [REI] [REIClientPlugin END] Reloading Section: "reloadable-plugin/ViewsImpl/DefaultClientRuntimePlugin of DefaultClientRuntimePlugin [roughlyenoughitems]/"
[13:42:43] [REI-ReloadPlugins/TRACE] [REI] [REIClientPlugin END] Reloading Section: "reloadable-plugin/ViewsImpl/DefaultClientRuntimePlugin of DefaultClientRuntimePlugin [roughlyenoughitems]/" done in 9.800 μs
[13:42:43] [REI-ReloadPlugins/TRACE] [REI] [REIClientPlugin END] Reloading Section: "reloadable-plugin/ViewsImpl/" done in 83.90 μs
[13:42:43] [REI-ReloadPlugins/TRACE] [REI] [REIClientPlugin END] Reloading Section: "reloadable-plugin/InputMethodRegistryImpl/"
[13:42:43] [REI-ReloadPlugins/TRACE] [REI] [REIClientPlugin END] Reloading Section: "reloadable-plugin/InputMethodRegistryImpl/DefaultClientPluginImpl of DefaultClientPluginImpl [roughlyenoughitems]/"
[13:42:43] [REI-ReloadPlugins/TRACE] [REI] [REIClientPlugin END] Reloading Section: "reloadable-plugin/InputMethodRegistryImpl/DefaultClientPluginImpl of DefaultClientPluginImpl [roughlyenoughitems]/" done in 16.70 μs
[13:42:43] [REI-ReloadPlugins/TRACE] [REI] [REIClientPlugin END] Reloading Section: "reloadable-plugin/InputMethodRegistryImpl/HideIngredientsFromTagsPlugin of HideIngredientsFromTagsPlugin [roughlyenoughitems]/"
[13:42:43] [REI-ReloadPlugins/TRACE] [REI] [REIClientPlugin END] Reloading Section: "reloadable-plugin/InputMethodRegistryImpl/HideIngredientsFromTagsPlugin of HideIngredientsFromTagsPlugin [roughlyenoughitems]/" done in 12.90 μs
[13:42:43] [REI-ReloadPlugins/TRACE] [REI] [REIClientPlugin END] Reloading Section: "reloadable-plugin/InputMethodRegistryImpl/DefaultClientRuntimePlugin of DefaultClientRuntimePlugin [roughlyenoughitems]/"
[13:42:43] [REI-ReloadPlugins/DEBUG] [REI] Added input method [rei:default]: Default
[13:42:43] [REI-ReloadPlugins/DEBUG] [REI] Added input method [rei:pinyin]: Pinyin (Mandarin)
[13:42:43] [REI-ReloadPlugins/DEBUG] [REI] Added input method [rei:jyutping]: Jyutping (Cantonese)
[13:42:43] [REI-ReloadPlugins/DEBUG] [REI] Added input method [rei:bomopofo]: Bopomofo (Mandarin)
[13:42:43] [REI-ReloadPlugins/DEBUG] [REI] Added input method [rei:double_pinyin]: Double Pinyin (Mandarin)
[13:42:43] [REI-ReloadPlugins/TRACE] [REI] [REIClientPlugin END] Reloading Section: "reloadable-plugin/InputMethodRegistryImpl/DefaultClientRuntimePlugin of DefaultClientRuntimePlugin [roughlyenoughitems]/" done in 25.04 ms
[13:42:43] [REI-ReloadPlugins/TRACE] [REI] [REIClientPlugin END] Reloading Section: "reloadable-plugin/InputMethodRegistryImpl/" done in 25.22 ms
[13:42:43] [REI-ReloadPlugins/TRACE] [REI] [REIClientPlugin END] Reloading Section: "reloadable-plugin/SearchProviderImpl/"
[13:42:43] [REI-ReloadPlugins/TRACE] [REI] [REIClientPlugin END] Reloading Section: "reloadable-plugin/SearchProviderImpl/DefaultClientPluginImpl of DefaultClientPluginImpl [roughlyenoughitems]/"
[13:42:43] [REI-ReloadPlugins/TRACE] [REI] [REIClientPlugin END] Reloading Section: "reloadable-plugin/SearchProviderImpl/DefaultClientPluginImpl of DefaultClientPluginImpl [roughlyenoughitems]/" done in 28.90 μs
[13:42:43] [REI-ReloadPlugins/TRACE] [REI] [REIClientPlugin END] Reloading Section: "reloadable-plugin/SearchProviderImpl/HideIngredientsFromTagsPlugin of HideIngredientsFromTagsPlugin [roughlyenoughitems]/"
[13:42:43] [REI-ReloadPlugins/TRACE] [REI] [REIClientPlugin END] Reloading Section: "reloadable-plugin/SearchProviderImpl/HideIngredientsFromTagsPlugin of HideIngredientsFromTagsPlugin [roughlyenoughitems]/" done in 21.40 μs
[13:42:43] [REI-ReloadPlugins/TRACE] [REI] [REIClientPlugin END] Reloading Section: "reloadable-plugin/SearchProviderImpl/DefaultClientRuntimePlugin of DefaultClientRuntimePlugin [roughlyenoughitems]/"
[13:42:43] [REI-ReloadPlugins/TRACE] [REI] [REIClientPlugin END] Reloading Section: "reloadable-plugin/SearchProviderImpl/DefaultClientRuntimePlugin of DefaultClientRuntimePlugin [roughlyenoughitems]/" done in 22.60 μs
[13:42:43] [REI-ReloadPlugins/TRACE] [REI] [REIClientPlugin END] Reloading Section: "reloadable-plugin/SearchProviderImpl/" done in 214.7 μs
[13:42:43] [REI-ReloadPlugins/TRACE] [REI] [REIClientPlugin END] Reloading Section: "reloadable-plugin/ConfigManagerImpl/"
[13:42:43] [REI-ReloadPlugins/TRACE] [REI] [REIClientPlugin END] Reloading Section: "reloadable-plugin/ConfigManagerImpl/DefaultClientPluginImpl of DefaultClientPluginImpl [roughlyenoughitems]/"
[13:42:43] [REI-ReloadPlugins/TRACE] [REI] [REIClientPlugin END] Reloading Section: "reloadable-plugin/ConfigManagerImpl/DefaultClientPluginImpl of DefaultClientPluginImpl [roughlyenoughitems]/" done in 22.50 μs
[13:42:43] [REI-ReloadPlugins/TRACE] [REI] [REIClientPlugin END] Reloading Section: "reloadable-plugin/ConfigManagerImpl/HideIngredientsFromTagsPlugin of HideIngredientsFromTagsPlugin [roughlyenoughitems]/"
[13:42:43] [REI-ReloadPlugins/TRACE] [REI] [REIClientPlugin END] Reloading Section: "reloadable-plugin/ConfigManagerImpl/HideIngredientsFromTagsPlugin of HideIngredientsFromTagsPlugin [roughlyenoughitems]/" done in 74.50 μs
[13:42:43] [REI-ReloadPlugins/TRACE] [REI] [REIClientPlugin END] Reloading Section: "reloadable-plugin/ConfigManagerImpl/DefaultClientRuntimePlugin of DefaultClientRuntimePlugin [roughlyenoughitems]/"
[13:42:43] [REI-ReloadPlugins/TRACE] [REI] [REIClientPlugin END] Reloading Section: "reloadable-plugin/ConfigManagerImpl/DefaultClientRuntimePlugin of DefaultClientRuntimePlugin [roughlyenoughitems]/" done in 16.70 μs
[13:42:43] [REI-ReloadPlugins/TRACE] [REI] [REIClientPlugin END] Reloading Section: "reloadable-plugin/ConfigManagerImpl/" done in 202.0 μs
[13:42:43] [REI-ReloadPlugins/TRACE] [REI] [REIClientPlugin END] Reloading Section: "reloadable-plugin/EntryRegistryImpl/"
[13:42:43] [REI-ReloadPlugins/TRACE] [REI] [REIClientPlugin END] Reloading Section: "reloadable-plugin/EntryRegistryImpl/DefaultClientPluginImpl of DefaultClientPluginImpl [roughlyenoughitems]/"
[13:42:43] [REI-ReloadPlugins/TRACE] [REI] [REIClientPlugin END] Reloading Section: "reloadable-plugin/EntryRegistryImpl/DefaultClientPluginImpl of DefaultClientPluginImpl [roughlyenoughitems]/" done in 19.30 μs
[13:42:43] [REI-ReloadPlugins/TRACE] [REI] [REIClientPlugin END] Reloading Section: "reloadable-plugin/EntryRegistryImpl/HideIngredientsFromTagsPlugin of HideIngredientsFromTagsPlugin [roughlyenoughitems]/"
[13:42:43] [REI-ReloadPlugins/TRACE] [REI] [REIClientPlugin END] Reloading Section: "reloadable-plugin/EntryRegistryImpl/HideIngredientsFromTagsPlugin of HideIngredientsFromTagsPlugin [roughlyenoughitems]/" done in 15.70 μs
[13:42:43] [REI-ReloadPlugins/TRACE] [REI] [REIClientPlugin END] Reloading Section: "reloadable-plugin/EntryRegistryImpl/DefaultClientRuntimePlugin of DefaultClientRuntimePlugin [roughlyenoughitems]/"
[13:42:43] [REI-ReloadPlugins/TRACE] [REI] [REIClientPlugin END] Reloading Section: "reloadable-plugin/EntryRegistryImpl/DefaultClientRuntimePlugin of DefaultClientRuntimePlugin [roughlyenoughitems]/" done in 15.20 μs
[13:42:43] [REI-ReloadPlugins/TRACE] [REI] [REIClientPlugin END] Reloading Section: "reloadable-plugin/EntryRegistryImpl/" done in 126.4 μs
[13:42:43] [REI-ReloadPlugins/TRACE] [REI] [REIClientPlugin END] Reloading Section: "reloadable-plugin/CollapsibleEntryRegistryImpl/"
[13:42:43] [REI-ReloadPlugins/TRACE] [REI] [REIClientPlugin END] Reloading Section: "reloadable-plugin/CollapsibleEntryRegistryImpl/DefaultClientPluginImpl of DefaultClientPluginImpl [roughlyenoughitems]/"
[13:42:43] [REI-ReloadPlugins/DEBUG] [REI] Added collapsible entry group [roughlyenoughitems:enchanted_book] Enchanted Book with dynamic predicate
[13:42:43] [REI-ReloadPlugins/DEBUG] [REI] Added collapsible entry group [roughlyenoughitems:potion] Potion with dynamic predicate
[13:42:43] [REI-ReloadPlugins/DEBUG] [REI] Added collapsible entry group [roughlyenoughitems:splash_potion] Splash Potion with dynamic predicate
[13:42:43] [REI-ReloadPlugins/DEBUG] [REI] Added collapsible entry group [roughlyenoughitems:lingering_potion] Lingering Potion with dynamic predicate
[13:42:43] [REI-ReloadPlugins/DEBUG] [REI] Added collapsible entry group [roughlyenoughitems:spawn_egg] Spawn Egg with dynamic predicate
[13:42:43] [REI-ReloadPlugins/DEBUG] [REI] Added collapsible entry group [roughlyenoughitems:tipped_arrow] Tipped Arrow with dynamic predicate
[13:42:43] [REI-ReloadPlugins/DEBUG] [REI] Added collapsible entry group [roughlyenoughitems:music_disc] Music Disc with dynamic predicate
[13:42:43] [REI-ReloadPlugins/TRACE] [REI] [REIClientPlugin END] Reloading Section: "reloadable-plugin/CollapsibleEntryRegistryImpl/DefaultClientPluginImpl of DefaultClientPluginImpl [roughlyenoughitems]/" done in 1.870 ms
[13:42:43] [REI-ReloadPlugins/TRACE] [REI] [REIClientPlugin END] Reloading Section: "reloadable-plugin/CollapsibleEntryRegistryImpl/HideIngredientsFromTagsPlugin of HideIngredientsFromTagsPlugin [roughlyenoughitems]/"
[13:42:43] [REI-ReloadPlugins/TRACE] [REI] [REIClientPlugin END] Reloading Section: "reloadable-plugin/CollapsibleEntryRegistryImpl/HideIngredientsFromTagsPlugin of HideIngredientsFromTagsPlugin [roughlyenoughitems]/" done in 60.20 μs
[13:42:43] [REI-ReloadPlugins/TRACE] [REI] [REIClientPlugin END] Reloading Section: "reloadable-plugin/CollapsibleEntryRegistryImpl/DefaultClientRuntimePlugin of DefaultClientRuntimePlugin [roughlyenoughitems]/"
[13:42:43] [REI-ReloadPlugins/TRACE] [REI] [REIClientPlugin END] Reloading Section: "reloadable-plugin/CollapsibleEntryRegistryImpl/DefaultClientRuntimePlugin of DefaultClientRuntimePlugin [roughlyenoughitems]/" done in 9.900 μs
[13:42:43] [REI-ReloadPlugins/TRACE] [REI] [REIClientPlugin END] Reloading Section: "reloadable-plugin/CollapsibleEntryRegistryImpl/" done in 2.036 ms
[13:42:43] [REI-ReloadPlugins/TRACE] [REI] [REIClientPlugin END] Reloading Section: "reloadable-plugin/BasicFilteringRuleImpl/"
[13:42:43] [REI-ReloadPlugins/TRACE] [REI] [REIClientPlugin END] Reloading Section: "reloadable-plugin/BasicFilteringRuleImpl/DefaultClientPluginImpl of DefaultClientPluginImpl [roughlyenoughitems]/"
[13:42:43] [REI-ReloadPlugins/TRACE] [REI] [REIClientPlugin END] Reloading Section: "reloadable-plugin/BasicFilteringRuleImpl/DefaultClientPluginImpl of DefaultClientPluginImpl [roughlyenoughitems]/" done in 16.50 μs
[13:42:43] [REI-ReloadPlugins/TRACE] [REI] [REIClientPlugin END] Reloading Section: "reloadable-plugin/BasicFilteringRuleImpl/HideIngredientsFromTagsPlugin of HideIngredientsFromTagsPlugin [roughlyenoughitems]/"
[13:42:43] [REI-ReloadPlugins/TRACE] [REI] [REIClientPlugin END] Reloading Section: "reloadable-plugin/BasicFilteringRuleImpl/HideIngredientsFromTagsPlugin of HideIngredientsFromTagsPlugin [roughlyenoughitems]/" done in 10.20 μs
[13:42:43] [REI-ReloadPlugins/TRACE] [REI] [REIClientPlugin END] Reloading Section: "reloadable-plugin/BasicFilteringRuleImpl/DefaultClientRuntimePlugin of DefaultClientRuntimePlugin [roughlyenoughitems]/"
[13:42:43] [REI-ReloadPlugins/TRACE] [REI] [REIClientPlugin END] Reloading Section: "reloadable-plugin/BasicFilteringRuleImpl/DefaultClientRuntimePlugin of DefaultClientRuntimePlugin [roughlyenoughitems]/" done in 8.600 μs
[13:42:43] [REI-ReloadPlugins/TRACE] [REI] [REIClientPlugin END] Reloading Section: "reloadable-plugin/BasicFilteringRuleImpl/" done in 110.0 μs
[13:42:43] [REI-ReloadPlugins/TRACE] [REI] [REIClientPlugin END] Reloading Section: "reloadable-plugin/CategoryRegistryImpl/"
[13:42:43] [REI-ReloadPlugins/TRACE] [REI] [REIClientPlugin END] Reloading Section: "reloadable-plugin/CategoryRegistryImpl/DefaultClientPluginImpl of DefaultClientPluginImpl [roughlyenoughitems]/"
[13:42:43] [REI-ReloadPlugins/DEBUG] [REI] Added category [minecraft:plugins/crafting]: Crafting
[13:42:43] [REI-ReloadPlugins/DEBUG] [REI] Added category [minecraft:plugins/smelting]: Smelting
[13:42:43] [REI-ReloadPlugins/DEBUG] [REI] Added category [minecraft:plugins/smoking]: Smoking
[13:42:43] [REI-ReloadPlugins/DEBUG] [REI] Added category [minecraft:plugins/blasting]: Blasting
[13:42:43] [REI-ReloadPlugins/DEBUG] [REI] Added category [minecraft:plugins/campfire]: Campfire
[13:42:43] [REI-ReloadPlugins/DEBUG] [REI] Added category [minecraft:plugins/stone_cutting]: Stone Cutting
[13:42:43] [REI-ReloadPlugins/DEBUG] [REI] Added category [minecraft:plugins/fuel]: Fuel
[13:42:43] [REI-ReloadPlugins/DEBUG] [REI] Added category [minecraft:plugins/brewing]: Brewing
[13:42:43] [REI-ReloadPlugins/DEBUG] [REI] Added category [minecraft:plugins/composting]: Composting
[13:42:43] [REI-ReloadPlugins/DEBUG] [REI] Added category [minecraft:plugins/stripping]: Stripping
[13:42:43] [REI-ReloadPlugins/DEBUG] [REI] Added category [minecraft:plugins/smithing]: Smithing
[13:42:43] [REI-ReloadPlugins/DEBUG] [REI] Added category [minecraft:plugins/anvil]: Anvil
[13:42:43] [REI-ReloadPlugins/DEBUG] [REI] Added category [minecraft:plugins/beacon_base]: Beacon Base
[13:42:43] [REI-ReloadPlugins/DEBUG] [REI] Added category [minecraft:plugins/beacon_payment]: Beacon Payment
[13:42:43] [REI-ReloadPlugins/DEBUG] [REI] Added category [minecraft:plugins/tilling]: Tilling
[13:42:43] [REI-ReloadPlugins/DEBUG] [REI] Added category [minecraft:plugins/pathing]: Pathing
[13:42:43] [REI-ReloadPlugins/DEBUG] [REI] Added category [minecraft:plugins/waxing]: Waxing
[13:42:43] [REI-ReloadPlugins/DEBUG] [REI] Added category [minecraft:plugins/wax_scraping]: Wax Scraping
[13:42:43] [REI-ReloadPlugins/DEBUG] [REI] Added category [minecraft:plugins/oxidizing]: Oxidizing
[13:42:43] [REI-ReloadPlugins/DEBUG] [REI] Added category [minecraft:plugins/oxidation_scraping]: Oxidation Scraping
[13:42:43] [REI-ReloadPlugins/DEBUG] [REI] Added category visibility predicate: me.shedaniel.rei.plugin.client.DefaultClientPlugin$$Lambda/0x0000000086b15290@440695a2 [0,00 priority]
[13:42:43] [REI-ReloadPlugins/TRACE] [REI] [REIClientPlugin END] Reloading Section: "reloadable-plugin/CategoryRegistryImpl/DefaultClientPluginImpl of DefaultClientPluginImpl [roughlyenoughitems]/" done in 10.32 ms
[13:42:43] [REI-ReloadPlugins/TRACE] [REI] [REIClientPlugin END] Reloading Section: "reloadable-plugin/CategoryRegistryImpl/HideIngredientsFromTagsPlugin of HideIngredientsFromTagsPlugin [roughlyenoughitems]/"
[13:42:43] [REI-ReloadPlugins/TRACE] [REI] [REIClientPlugin END] Reloading Section: "reloadable-plugin/CategoryRegistryImpl/HideIngredientsFromTagsPlugin of HideIngredientsFromTagsPlugin [roughlyenoughitems]/" done in 26.80 μs
[13:42:43] [REI-ReloadPlugins/TRACE] [REI] [REIClientPlugin END] Reloading Section: "reloadable-plugin/CategoryRegistryImpl/DefaultClientRuntimePlugin of DefaultClientRuntimePlugin [roughlyenoughitems]/"
[13:42:43] [REI-ReloadPlugins/TRACE] [REI] [REIClientPlugin END] Reloading Section: "reloadable-plugin/CategoryRegistryImpl/DefaultClientRuntimePlugin of DefaultClientRuntimePlugin [roughlyenoughitems]/" done in 11.20 μs
[13:42:43] [REI-ReloadPlugins/TRACE] [REI] [REIClientPlugin END] Reloading Section: "reloadable-plugin/CategoryRegistryImpl/" done in 10.53 ms
[13:42:43] [REI-ReloadPlugins/TRACE] [REI] [REIClientPlugin END] Reloading Section: "reloadable-plugin/DisplayRegistryImpl/"
[13:42:43] [REI-ReloadPlugins/TRACE] [REI] [REIClientPlugin END] Reloading Section: "reloadable-plugin/DisplayRegistryImpl/DefaultClientPluginImpl of DefaultClientPluginImpl [roughlyenoughitems]/"
[13:42:43] [REI-ReloadPlugins/DEBUG] [REI] Added category [roughlyenoughitems:plugins/information]: Information
[13:42:43] [REI-ReloadPlugins/DEBUG] [REI] Added category [minecraft:plugins/tag]: Tag
[13:42:43] [REI-ReloadPlugins/DEBUG] [REI] Added display filter: me.shedaniel.rei.api.common.registry.display.DisplayConsumer$RecipeDisplayConsumer$RecipeFillerBuilder$$Lambda/0x0000000086b178f0@62dcd03d
[13:42:43] [REI-ReloadPlugins/DEBUG] [REI] Added display filter: me.shedaniel.rei.api.common.registry.display.DisplayConsumer$RecipeDisplayConsumer$RecipeFillerBuilder$$Lambda/0x0000000086b178f0@513c6ed7
[13:42:43] [REI-ReloadPlugins/DEBUG] [REI] Added display filter: me.shedaniel.rei.api.common.registry.display.DisplayConsumer$RecipeDisplayConsumer$RecipeFillerBuilder$$Lambda/0x0000000086b178f0@6e23a8af
[13:42:43] [REI-ReloadPlugins/DEBUG] [REI] Added display filter: me.shedaniel.rei.api.common.registry.display.DisplayConsumer$RecipeDisplayConsumer$RecipeFillerBuilder$$Lambda/0x0000000086b178f0@217ab1f4
[13:42:43] [REI-ReloadPlugins/DEBUG] [REI] Added display filter: me.shedaniel.rei.api.common.registry.display.DisplayConsumer$RecipeDisplayConsumer$RecipeFillerBuilder$$Lambda/0x0000000086b178f0@57c8228d
[13:42:43] [REI-ReloadPlugins/DEBUG] [REI] Added display filter: me.shedaniel.rei.api.common.registry.display.DisplayConsumer$FillerBuilder$$Lambda/0x0000000086b13920@6355bfa1
[13:42:43] [REI-ReloadPlugins/DEBUG] [REI] Added display filter: me.shedaniel.rei.api.common.registry.display.DisplayConsumer$FillerBuilder$$Lambda/0x0000000086b13920@251399fd
[13:42:43] [REI-ReloadPlugins/DEBUG] [REI] Added display filter: me.shedaniel.rei.api.common.registry.display.DisplayConsumer$FillerBuilder$$Lambda/0x0000000086b13920@3950e182
[13:42:43] [REI-ReloadPlugins/TRACE] [REI] [REIClientPlugin END] Reloading Section: "reloadable-plugin/DisplayRegistryImpl/DefaultClientPluginImpl of DefaultClientPluginImpl [roughlyenoughitems]/" done in 111.4 ms
[13:42:43] [REI-ReloadPlugins/TRACE] [REI] [REIClientPlugin END] Reloading Section: "reloadable-plugin/DisplayRegistryImpl/HideIngredientsFromTagsPlugin of HideIngredientsFromTagsPlugin [roughlyenoughitems]/"
[13:42:43] [REI-ReloadPlugins/TRACE] [REI] [REIClientPlugin END] Reloading Section: "reloadable-plugin/DisplayRegistryImpl/HideIngredientsFromTagsPlugin of HideIngredientsFromTagsPlugin [roughlyenoughitems]/" done in 43.50 μs
[13:42:43] [REI-ReloadPlugins/TRACE] [REI] [REIClientPlugin END] Reloading Section: "reloadable-plugin/DisplayRegistryImpl/DefaultClientRuntimePlugin of DefaultClientRuntimePlugin [roughlyenoughitems]/"
[13:42:43] [REI-ReloadPlugins/DEBUG] [REI] Computed existing filtered displays with 3 rules in 113.0 ms
[13:42:43] [REI-ReloadPlugins/DEBUG] [REI] Added display visibility predicate: me.shedaniel.rei.plugin.client.runtime.FilteredStacksVisibilityHandler@2a340340 [0,00 priority]
[13:42:43] [REI-ReloadPlugins/TRACE] [REI] [REIClientPlugin END] Reloading Section: "reloadable-plugin/DisplayRegistryImpl/DefaultClientRuntimePlugin of DefaultClientRuntimePlugin [roughlyenoughitems]/" done in 113.6 ms
[13:42:43] [REI-ReloadPlugins/TRACE] [REI] [REIClientPlugin END] Reloading Section: "reloadable-plugin/DisplayRegistryImpl/" done in 225.3 ms
[13:42:43] [REI-ReloadPlugins/TRACE] [REI] [REIClientPlugin END] Reloading Section: "reloadable-plugin/ScreenRegistryImpl/"
[13:42:43] [REI-ReloadPlugins/TRACE] [REI] [REIClientPlugin END] Reloading Section: "reloadable-plugin/ScreenRegistryImpl/DefaultClientPluginImpl of DefaultClientPluginImpl [roughlyenoughitems]/"
[13:42:43] [REI-ReloadPlugins/TRACE] [REI] [REIClientPlugin END] Reloading Section: "reloadable-plugin/ScreenRegistryImpl/DefaultClientPluginImpl of DefaultClientPluginImpl [roughlyenoughitems]/" done in 19.30 μs
[13:42:43] [REI-ReloadPlugins/TRACE] [REI] [REIClientPlugin END] Reloading Section: "reloadable-plugin/ScreenRegistryImpl/HideIngredientsFromTagsPlugin of HideIngredientsFromTagsPlugin [roughlyenoughitems]/"
[13:42:43] [REI-ReloadPlugins/TRACE] [REI] [REIClientPlugin END] Reloading Section: "reloadable-plugin/ScreenRegistryImpl/HideIngredientsFromTagsPlugin of HideIngredientsFromTagsPlugin [roughlyenoughitems]/" done in 8.600 μs
[13:42:43] [REI-ReloadPlugins/TRACE] [REI] [REIClientPlugin END] Reloading Section: "reloadable-plugin/ScreenRegistryImpl/DefaultClientRuntimePlugin of DefaultClientRuntimePlugin [roughlyenoughitems]/"
[13:42:43] [REI-ReloadPlugins/TRACE] [REI] [REIClientPlugin END] Reloading Section: "reloadable-plugin/ScreenRegistryImpl/DefaultClientRuntimePlugin of DefaultClientRuntimePlugin [roughlyenoughitems]/" done in 7.400 μs
[13:42:43] [REI-ReloadPlugins/TRACE] [REI] [REIClientPlugin END] Reloading Section: "reloadable-plugin/ScreenRegistryImpl/" done in 119.6 μs
[13:42:43] [REI-ReloadPlugins/TRACE] [REI] [REIClientPlugin END] Reloading Section: "reloadable-plugin/FavoriteEntryTypeRegistryImpl/"
[13:42:43] [REI-ReloadPlugins/TRACE] [REI] [REIClientPlugin END] Reloading Section: "reloadable-plugin/FavoriteEntryTypeRegistryImpl/DefaultClientPluginImpl of DefaultClientPluginImpl [roughlyenoughitems]/"
[13:42:43] [REI-ReloadPlugins/TRACE] [REI] [REIClientPlugin END] Reloading Section: "reloadable-plugin/FavoriteEntryTypeRegistryImpl/DefaultClientPluginImpl of DefaultClientPluginImpl [roughlyenoughitems]/" done in 8.400 μs
[13:42:43] [REI-ReloadPlugins/TRACE] [REI] [REIClientPlugin END] Reloading Section: "reloadable-plugin/FavoriteEntryTypeRegistryImpl/HideIngredientsFromTagsPlugin of HideIngredientsFromTagsPlugin [roughlyenoughitems]/"
[13:42:43] [REI-ReloadPlugins/TRACE] [REI] [REIClientPlugin END] Reloading Section: "reloadable-plugin/FavoriteEntryTypeRegistryImpl/HideIngredientsFromTagsPlugin of HideIngredientsFromTagsPlugin [roughlyenoughitems]/" done in 9.500 μs
[13:42:43] [REI-ReloadPlugins/TRACE] [REI] [REIClientPlugin END] Reloading Section: "reloadable-plugin/FavoriteEntryTypeRegistryImpl/DefaultClientRuntimePlugin of DefaultClientRuntimePlugin [roughlyenoughitems]/"
[13:42:43] [REI-ReloadPlugins/TRACE] [REI] [REIClientPlugin END] Reloading Section: "reloadable-plugin/FavoriteEntryTypeRegistryImpl/DefaultClientRuntimePlugin of DefaultClientRuntimePlugin [roughlyenoughitems]/" done in 7.500 μs
[13:42:43] [REI-ReloadPlugins/TRACE] [REI] [REIClientPlugin END] Reloading Section: "reloadable-plugin/FavoriteEntryTypeRegistryImpl/" done in 77.80 μs
[13:42:43] [REI-ReloadPlugins/TRACE] [REI] [REIClientPlugin END] Reloading Section: "reloadable-plugin/SubsetsRegistryImpl/"
[13:42:43] [REI-ReloadPlugins/TRACE] [REI] [REIClientPlugin END] Reloading Section: "reloadable-plugin/SubsetsRegistryImpl/DefaultClientPluginImpl of DefaultClientPluginImpl [roughlyenoughitems]/"
[13:42:43] [REI-ReloadPlugins/TRACE] [REI] [REIClientPlugin END] Reloading Section: "reloadable-plugin/SubsetsRegistryImpl/DefaultClientPluginImpl of DefaultClientPluginImpl [roughlyenoughitems]/" done in 10.70 μs
[13:42:43] [REI-ReloadPlugins/TRACE] [REI] [REIClientPlugin END] Reloading Section: "reloadable-plugin/SubsetsRegistryImpl/HideIngredientsFromTagsPlugin of HideIngredientsFromTagsPlugin [roughlyenoughitems]/"
[13:42:43] [REI-ReloadPlugins/TRACE] [REI] [REIClientPlugin END] Reloading Section: "reloadable-plugin/SubsetsRegistryImpl/HideIngredientsFromTagsPlugin of HideIngredientsFromTagsPlugin [roughlyenoughitems]/" done in 32.90 μs
[13:42:43] [REI-ReloadPlugins/TRACE] [REI] [REIClientPlugin END] Reloading Section: "reloadable-plugin/SubsetsRegistryImpl/DefaultClientRuntimePlugin of DefaultClientRuntimePlugin [roughlyenoughitems]/"
[13:42:43] [REI-ReloadPlugins/TRACE] [REI] [REIClientPlugin END] Reloading Section: "reloadable-plugin/SubsetsRegistryImpl/DefaultClientRuntimePlugin of DefaultClientRuntimePlugin [roughlyenoughitems]/" done in 18.90 μs
[13:42:43] [REI-ReloadPlugins/TRACE] [REI] [REIClientPlugin END] Reloading Section: "reloadable-plugin/SubsetsRegistryImpl/" done in 160.3 μs
[13:42:43] [REI-ReloadPlugins/TRACE] [REI] [REIClientPlugin END] Reloading Section: "reloadable-plugin/TransferHandlerRegistryImpl/"
[13:42:43] [REI-ReloadPlugins/TRACE] [REI] [REIClientPlugin END] Reloading Section: "reloadable-plugin/TransferHandlerRegistryImpl/DefaultClientPluginImpl of DefaultClientPluginImpl [roughlyenoughitems]/"
[13:42:43] [REI-ReloadPlugins/DEBUG] [REI] Added transfer handler: me.shedaniel.rei.api.client.registry.transfer.simple.SimpleTransferHandler$1@2b0a8d98 [0,00 priority]
[13:42:43] [REI-ReloadPlugins/DEBUG] [REI] Added transfer handler: me.shedaniel.rei.plugin.autocrafting.InventoryCraftingTransferHandler@193c64bd [0,00 priority]
[13:42:43] [REI-ReloadPlugins/DEBUG] [REI] Added transfer handler: me.shedaniel.rei.api.client.registry.transfer.simple.SimpleTransferHandler$1@8c758d [0,00 priority]
[13:42:43] [REI-ReloadPlugins/DEBUG] [REI] Added transfer handler: me.shedaniel.rei.api.client.registry.transfer.simple.SimpleTransferHandler$1@1608869f [0,00 priority]
[13:42:43] [REI-ReloadPlugins/DEBUG] [REI] Added transfer handler: me.shedaniel.rei.api.client.registry.transfer.simple.SimpleTransferHandler$1@5afc9f41 [0,00 priority]
[13:42:43] [REI-ReloadPlugins/DEBUG] [REI] Added transfer handler: me.shedaniel.rei.plugin.autocrafting.recipebook.DefaultRecipeBookHandler@2f0ae1d6 [-20,00 priority]
[13:42:43] [REI-ReloadPlugins/TRACE] [REI] [REIClientPlugin END] Reloading Section: "reloadable-plugin/TransferHandlerRegistryImpl/DefaultClientPluginImpl of DefaultClientPluginImpl [roughlyenoughitems]/" done in 2.485 ms
[13:42:43] [REI-ReloadPlugins/TRACE] [REI] [REIClientPlugin END] Reloading Section: "reloadable-plugin/TransferHandlerRegistryImpl/HideIngredientsFromTagsPlugin of HideIngredientsFromTagsPlugin [roughlyenoughitems]/"
[13:42:43] [REI-ReloadPlugins/TRACE] [REI] [REIClientPlugin END] Reloading Section: "reloadable-plugin/TransferHandlerRegistryImpl/HideIngredientsFromTagsPlugin of HideIngredientsFromTagsPlugin [roughlyenoughitems]/" done in 105.0 μs
[13:42:43] [REI-ReloadPlugins/TRACE] [REI] [REIClientPlugin END] Reloading Section: "reloadable-plugin/TransferHandlerRegistryImpl/DefaultClientRuntimePlugin of DefaultClientRuntimePlugin [roughlyenoughitems]/"
[13:42:43] [REI-ReloadPlugins/TRACE] [REI] [REIClientPlugin END] Reloading Section: "reloadable-plugin/TransferHandlerRegistryImpl/DefaultClientRuntimePlugin of DefaultClientRuntimePlugin [roughlyenoughitems]/" done in 14.70 μs
[13:42:43] [REI-ReloadPlugins/TRACE] [REI] [REIClientPlugin END] Reloading Section: "reloadable-plugin/TransferHandlerRegistryImpl/" done in 2.869 ms
[13:42:43] [REI-ReloadPlugins/TRACE] [REI] [REIClientPlugin END] Reloading Section: "reloadable-plugin/SearchRuntime/"
[13:42:43] [REI-ReloadPlugins/TRACE] [REI] [REIClientPlugin END] Reloading Section: "reloadable-plugin/SearchRuntime/DefaultClientPluginImpl of DefaultClientPluginImpl [roughlyenoughitems]/"
[13:42:43] [REI-ReloadPlugins/TRACE] [REI] [REIClientPlugin END] Reloading Section: "reloadable-plugin/SearchRuntime/DefaultClientPluginImpl of DefaultClientPluginImpl [roughlyenoughitems]/" done in 13.10 μs
[13:42:43] [REI-ReloadPlugins/TRACE] [REI] [REIClientPlugin END] Reloading Section: "reloadable-plugin/SearchRuntime/HideIngredientsFromTagsPlugin of HideIngredientsFromTagsPlugin [roughlyenoughitems]/"
[13:42:43] [REI-ReloadPlugins/TRACE] [REI] [REIClientPlugin END] Reloading Section: "reloadable-plugin/SearchRuntime/HideIngredientsFromTagsPlugin of HideIngredientsFromTagsPlugin [roughlyenoughitems]/" done in 8.400 μs
[13:42:43] [REI-ReloadPlugins/TRACE] [REI] [REIClientPlugin END] Reloading Section: "reloadable-plugin/SearchRuntime/DefaultClientRuntimePlugin of DefaultClientRuntimePlugin [roughlyenoughitems]/"
[13:42:43] [REI-ReloadPlugins/TRACE] [REI] [REIClientPlugin END] Reloading Section: "reloadable-plugin/SearchRuntime/DefaultClientRuntimePlugin of DefaultClientRuntimePlugin [roughlyenoughitems]/" done in 75.60 μs
[13:42:43] [REI-ReloadPlugins/TRACE] [REI] [REIClientPlugin END] Reloading Section: "reloadable-plugin/SearchRuntime/" done in 242.4 μs
[13:42:43] [REI-ReloadPlugins/TRACE] [REI] [REIClientPlugin END] Reloading Section: "reloadable-plugin/REIRuntimeImpl/"
[13:42:43] [REI-ReloadPlugins/TRACE] [REI] [REIClientPlugin END] Reloading Section: "reloadable-plugin/REIRuntimeImpl/DefaultClientPluginImpl of DefaultClientPluginImpl [roughlyenoughitems]/"
[13:42:43] [REI-ReloadPlugins/TRACE] [REI] [REIClientPlugin END] Reloading Section: "reloadable-plugin/REIRuntimeImpl/DefaultClientPluginImpl of DefaultClientPluginImpl [roughlyenoughitems]/" done in 13.60 μs
[13:42:43] [REI-ReloadPlugins/TRACE] [REI] [REIClientPlugin END] Reloading Section: "reloadable-plugin/REIRuntimeImpl/HideIngredientsFromTagsPlugin of HideIngredientsFromTagsPlugin [roughlyenoughitems]/"
[13:42:43] [REI-ReloadPlugins/TRACE] [REI] [REIClientPlugin END] Reloading Section: "reloadable-plugin/REIRuntimeImpl/HideIngredientsFromTagsPlugin of HideIngredientsFromTagsPlugin [roughlyenoughitems]/" done in 8.300 μs
[13:42:43] [REI-ReloadPlugins/TRACE] [REI] [REIClientPlugin END] Reloading Section: "reloadable-plugin/REIRuntimeImpl/DefaultClientRuntimePlugin of DefaultClientRuntimePlugin [roughlyenoughitems]/"
[13:42:43] [REI-ReloadPlugins/TRACE] [REI] [REIClientPlugin END] Reloading Section: "reloadable-plugin/REIRuntimeImpl/DefaultClientRuntimePlugin of DefaultClientRuntimePlugin [roughlyenoughitems]/" done in 9.600 μs
[13:42:43] [REI-ReloadPlugins/TRACE] [REI] [REIClientPlugin END] Reloading Section: "reloadable-plugin/REIRuntimeImpl/" done in 105.8 μs
[13:42:43] [REI-ReloadPlugins/TRACE] [REI] [REIClientPlugin END] Reloading Section: "reloadable-plugin/ConfigAddonRegistryImpl/"
[13:42:43] [REI-ReloadPlugins/TRACE] [REI] [REIClientPlugin END] Reloading Section: "reloadable-plugin/ConfigAddonRegistryImpl/DefaultClientPluginImpl of DefaultClientPluginImpl [roughlyenoughitems]/"
[13:42:43] [REI-ReloadPlugins/TRACE] [REI] [REIClientPlugin END] Reloading Section: "reloadable-plugin/ConfigAddonRegistryImpl/DefaultClientPluginImpl of DefaultClientPluginImpl [roughlyenoughitems]/" done in 19.10 μs
[13:42:43] [REI-ReloadPlugins/TRACE] [REI] [REIClientPlugin END] Reloading Section: "reloadable-plugin/ConfigAddonRegistryImpl/HideIngredientsFromTagsPlugin of HideIngredientsFromTagsPlugin [roughlyenoughitems]/"
[13:42:43] [REI-ReloadPlugins/TRACE] [REI] [REIClientPlugin END] Reloading Section: "reloadable-plugin/ConfigAddonRegistryImpl/HideIngredientsFromTagsPlugin of HideIngredientsFromTagsPlugin [roughlyenoughitems]/" done in 9.500 μs
[13:42:43] [REI-ReloadPlugins/TRACE] [REI] [REIClientPlugin END] Reloading Section: "reloadable-plugin/ConfigAddonRegistryImpl/DefaultClientRuntimePlugin of DefaultClientRuntimePlugin [roughlyenoughitems]/"
[13:42:43] [REI-ReloadPlugins/TRACE] [REI] [REIClientPlugin END] Reloading Section: "reloadable-plugin/ConfigAddonRegistryImpl/DefaultClientRuntimePlugin of DefaultClientRuntimePlugin [roughlyenoughitems]/" done in 8.300 μs
[13:42:43] [REI-ReloadPlugins/TRACE] [REI] [REIClientPlugin END] Reloading Section: "reloadable-plugin/ConfigAddonRegistryImpl/" done in 82.70 μs
[13:42:43] [REI-ReloadPlugins/TRACE] [REI] [REIClientPlugin END] Reloading Section: "reloadable-plugin/me.shedaniel.rei.plugin.client.runtime.PluginStageExecutionWatcher$1/"
[13:42:43] [REI-ReloadPlugins/TRACE] [REI] [REIClientPlugin END] Reloading Section: "reloadable-plugin/me.shedaniel.rei.plugin.client.runtime.PluginStageExecutionWatcher$1/DefaultClientPluginImpl of DefaultClientPluginImpl [roughlyenoughitems]/"
[13:42:43] [REI-ReloadPlugins/TRACE] [REI] [REIClientPlugin END] Reloading Section: "reloadable-plugin/me.shedaniel.rei.plugin.client.runtime.PluginStageExecutionWatcher$1/DefaultClientPluginImpl of DefaultClientPluginImpl [roughlyenoughitems]/" done in 7.700 μs
[13:42:43] [REI-ReloadPlugins/TRACE] [REI] [REIClientPlugin END] Reloading Section: "reloadable-plugin/me.shedaniel.rei.plugin.client.runtime.PluginStageExecutionWatcher$1/HideIngredientsFromTagsPlugin of HideIngredientsFromTagsPlugin [roughlyenoughitems]/"
[13:42:43] [REI-ReloadPlugins/TRACE] [REI] [REIClientPlugin END] Reloading Section: "reloadable-plugin/me.shedaniel.rei.plugin.client.runtime.PluginStageExecutionWatcher$1/HideIngredientsFromTagsPlugin of HideIngredientsFromTagsPlugin [roughlyenoughitems]/" done in 19.60 μs
[13:42:43] [REI-ReloadPlugins/TRACE] [REI] [REIClientPlugin END] Reloading Section: "reloadable-plugin/me.shedaniel.rei.plugin.client.runtime.PluginStageExecutionWatcher$1/DefaultClientRuntimePlugin of DefaultClientRuntimePlugin [roughlyenoughitems]/"
[13:42:43] [REI-ReloadPlugins/TRACE] [REI] [REIClientPlugin END] Reloading Section: "reloadable-plugin/me.shedaniel.rei.plugin.client.runtime.PluginStageExecutionWatcher$1/DefaultClientRuntimePlugin of DefaultClientRuntimePlugin [roughlyenoughitems]/" done in 9.900 μs
[13:42:43] [REI-ReloadPlugins/TRACE] [REI] [REIClientPlugin END] Reloading Section: "reloadable-plugin/me.shedaniel.rei.plugin.client.runtime.PluginStageExecutionWatcher$1/" done in 80.00 μs
[13:42:43] [REI-ReloadPlugins/DEBUG] [REI] ========================================
[13:42:43] [REI-ReloadPlugins/DEBUG] [REI] REIClientPlugin ending main-reload for END.
[13:42:43] [REI-ReloadPlugins/DEBUG] [REI] ========================================
[13:42:43] [REI-ReloadPlugins/TRACE] [REI] [REIClientPlugin END] Reloading Section: "end-reload/"
[13:42:43] [REI-ReloadPlugins/TRACE] [REI] [REIClientPlugin END] Reloading Section: "end-reload/EntryRendererRegistryImpl/"
[13:42:43] [REI-ReloadPlugins/TRACE] [REI] [REIClientPlugin END] Reloading Section: "end-reload/EntryRendererRegistryImpl/" done in 9.700 μs
[13:42:43] [REI-ReloadPlugins/TRACE] [REI] [REIClientPlugin END] Reloading Section: "end-reload/ViewsImpl/"
[13:42:43] [REI-ReloadPlugins/TRACE] [REI] [REIClientPlugin END] Reloading Section: "end-reload/ViewsImpl/" done in 6.600 μs
[13:42:43] [REI-ReloadPlugins/TRACE] [REI] [REIClientPlugin END] Reloading Section: "end-reload/InputMethodRegistryImpl/"
[13:42:43] [REI-ReloadPlugins/DEBUG] [REI] Registered 5 input methods: Default, Jyutping (Cantonese), Pinyin (Mandarin), Bopomofo (Mandarin), Double Pinyin (Mandarin)
[13:42:43] [REI-ReloadPlugins/TRACE] [REI] [REIClientPlugin END] Reloading Section: "end-reload/InputMethodRegistryImpl/" done in 1.361 ms
[13:42:43] [REI-ReloadPlugins/TRACE] [REI] [REIClientPlugin END] Reloading Section: "end-reload/SearchProviderImpl/"
[13:42:43] [REI-ReloadPlugins/TRACE] [REI] [REIClientPlugin END] Reloading Section: "end-reload/SearchProviderImpl/" done in 7.900 μs
[13:42:43] [REI-ReloadPlugins/TRACE] [REI] [REIClientPlugin END] Reloading Section: "end-reload/ConfigManagerImpl/"
[13:42:43] [REI-ReloadPlugins/TRACE] [REI] [REIClientPlugin END] Reloading Section: "end-reload/ConfigManagerImpl/" done in 5.700 μs
[13:42:43] [REI-ReloadPlugins/TRACE] [REI] [REIClientPlugin END] Reloading Section: "end-reload/EntryRegistryImpl/"
[13:42:43] [REI-ReloadPlugins/TRACE] [REI] [REIClientPlugin END] Reloading Section: "end-reload/EntryRegistryImpl/" done in 5.500 μs
[13:42:43] [REI-ReloadPlugins/TRACE] [REI] [REIClientPlugin END] Reloading Section: "end-reload/CollapsibleEntryRegistryImpl/"
[13:42:43] [REI-ReloadPlugins/DEBUG] [REI] Recollecting custom collapsible entry groups
[13:42:43] [REI-ReloadPlugins/DEBUG] [REI] Registered 0 custom collapsible entry groups: 
[13:42:43] [REI-ReloadPlugins/DEBUG] [REI] Registered 7 collapsible entry groups: Enchanted Book, Potion, Splash Potion, Lingering Potion, Spawn Egg, Tipped Arrow, Music Disc
[13:42:43] [REI-ReloadPlugins/TRACE] [REI] [REIClientPlugin END] Reloading Section: "end-reload/CollapsibleEntryRegistryImpl/" done in 269.4 μs
[13:42:43] [REI-ReloadPlugins/TRACE] [REI] [REIClientPlugin END] Reloading Section: "end-reload/BasicFilteringRuleImpl/"
[13:42:43] [REI-ReloadPlugins/TRACE] [REI] [REIClientPlugin END] Reloading Section: "end-reload/BasicFilteringRuleImpl/" done in 6.200 μs
[13:42:43] [REI-ReloadPlugins/TRACE] [REI] [REIClientPlugin END] Reloading Section: "end-reload/CategoryRegistryImpl/"
[13:42:43] [REI-ReloadPlugins/DEBUG] [REI] Registered 22 categories: Crafting, Smelting, Smoking, Blasting, Campfire, Stone Cutting, Fuel, Brewing, Composting, Stripping, Smithing, Anvil, Beacon Base, Beacon Payment, Tilling, Pathing, Waxing, Wax Scraping, Oxidizing, Oxidation Scraping, Information, Tag
[13:42:43] [REI-ReloadPlugins/TRACE] [REI] [REIClientPlugin END] Reloading Section: "end-reload/CategoryRegistryImpl/" done in 159.9 μs
[13:42:43] [REI-ReloadPlugins/TRACE] [REI] [REIClientPlugin END] Reloading Section: "end-reload/DisplayRegistryImpl/"
[13:42:43] [REI-ReloadPlugins/DEBUG] [REI] Found 3557 displays
[13:42:43] [REI-ReloadPlugins/DEBUG] [REI] Removing 0 failed displays
[13:42:43] [REI-ReloadPlugins/DEBUG] [REI] 3557 displays registration have completed
[13:42:43] [REI-ReloadPlugins/TRACE] [REI] [REIClientPlugin END] Reloading Section: "end-reload/DisplayRegistryImpl/" done in 1.278 ms
[13:42:43] [REI-ReloadPlugins/TRACE] [REI] [REIClientPlugin END] Reloading Section: "end-reload/ScreenRegistryImpl/"
[13:42:43] [REI-ReloadPlugins/TRACE] [REI] [REIClientPlugin END] Reloading Section: "end-reload/ScreenRegistryImpl/" done in 7.700 μs
[13:42:43] [REI-ReloadPlugins/TRACE] [REI] [REIClientPlugin END] Reloading Section: "end-reload/FavoriteEntryTypeRegistryImpl/"
[13:42:43] [REI-ReloadPlugins/TRACE] [REI] [REIClientPlugin END] Reloading Section: "end-reload/FavoriteEntryTypeRegistryImpl/" done in 8.800 μs
[13:42:43] [REI-ReloadPlugins/TRACE] [REI] [REIClientPlugin END] Reloading Section: "end-reload/SubsetsRegistryImpl/"
[13:42:43] [REI-ReloadPlugins/TRACE] [REI] [REIClientPlugin END] Reloading Section: "end-reload/SubsetsRegistryImpl/" done in 5.800 μs
[13:42:43] [REI-ReloadPlugins/TRACE] [REI] [REIClientPlugin END] Reloading Section: "end-reload/TransferHandlerRegistryImpl/"
[13:42:43] [REI-ReloadPlugins/DEBUG] [REI] Registered 6 transfer handlers
[13:42:43] [REI-ReloadPlugins/TRACE] [REI] [REIClientPlugin END] Reloading Section: "end-reload/TransferHandlerRegistryImpl/" done in 34.90 μs
[13:42:43] [REI-ReloadPlugins/TRACE] [REI] [REIClientPlugin END] Reloading Section: "end-reload/SearchRuntime/"
[13:42:43] [REI-ReloadPlugins/TRACE] [REI] Preparing 12838 stacks for search arguments
[13:42:43] [REI-ReloadPlugins/TRACE] [REI] Prepared 12838 / 12838 stacks for search arguments in 25ms
[13:42:43] [REI-ReloadPlugins/DEBUG] [REI] Preparing collapsed entry groups cache with 7 entries and 1834 stacks
[13:42:43] [REI-ReloadPlugins/DEBUG] [REI] Prepared collapsed entry groups cache with 7 entries and 1834 stacks
[13:42:43] [REI-ReloadPlugins/TRACE] [REI] [REIClientPlugin END] Reloading Section: "end-reload/SearchRuntime/" done in 25.58 ms
[13:42:43] [REI-ReloadPlugins/TRACE] [REI] [REIClientPlugin END] Reloading Section: "end-reload/REIRuntimeImpl/"
[13:42:43] [REI-ReloadPlugins/TRACE] [REI] [REIClientPlugin END] Reloading Section: "end-reload/REIRuntimeImpl/" done in 18.60 μs
[13:42:43] [REI-ReloadPlugins/TRACE] [REI] [REIClientPlugin END] Reloading Section: "end-reload/ConfigAddonRegistryImpl/"
[13:42:43] [REI-ReloadPlugins/DEBUG] [REI] Registered 0 config addons
[13:42:43] [REI-ReloadPlugins/TRACE] [REI] [REIClientPlugin END] Reloading Section: "end-reload/ConfigAddonRegistryImpl/" done in 58.50 μs
[13:42:43] [REI-ReloadPlugins/TRACE] [REI] [REIClientPlugin END] Reloading Section: "end-reload/me.shedaniel.rei.plugin.client.runtime.PluginStageExecutionWatcher$1/"
[13:42:43] [REI-ReloadPlugins/TRACE] [REI] [REIClientPlugin END] Reloading Section: "end-reload/me.shedaniel.rei.plugin.client.runtime.PluginStageExecutionWatcher$1/" done in 9.200 μs
[13:42:43] [REI-ReloadPlugins/TRACE] [REI] [REIClientPlugin END] Reloading Section: "end-reload/" done in 29.19 ms
[13:42:43] [REI-ReloadPlugins/DEBUG] [REI] ========================================
[13:42:43] [REI-ReloadPlugins/DEBUG] [REI] REIClientPlugin ended main-reload for END in 300.5 ms.
[13:42:43] [REI-ReloadPlugins/DEBUG] [REI] ========================================
[13:42:43] [REI-ReloadPlugins/DEBUG] [REI] ========================================
[13:42:43] [REI-ReloadPlugins/DEBUG] [REI] REICommonPlugin starting post-reload for END.
[13:42:43] [REI-ReloadPlugins/DEBUG] [REI] Reloadables (9):
[13:42:43] [REI-ReloadPlugins/DEBUG] [REI]  - SlotAccessorRegistryImpl
[13:42:43] [REI-ReloadPlugins/DEBUG] [REI]  - EntryTypeRegistryImpl
[13:42:43] [REI-ReloadPlugins/DEBUG] [REI]  - EntrySettingsAdapterRegistryImpl
[13:42:43] [REI-ReloadPlugins/DEBUG] [REI]  - ItemComparatorRegistryImpl
[13:42:43] [REI-ReloadPlugins/DEBUG] [REI]  - FluidComparatorRegistryImpl
[13:42:43] [REI-ReloadPlugins/DEBUG] [REI]  - DisplaySerializerRegistryImpl
[13:42:43] [REI-ReloadPlugins/DEBUG] [REI]  - ServerDisplayRegistryImpl
[13:42:43] [REI-ReloadPlugins/DEBUG] [REI]  - FluidSupportProviderImpl
[13:42:43] [REI-ReloadPlugins/DEBUG] [REI]  - me.shedaniel.rei.plugin.client.runtime.PluginStageExecutionWatcher$1
[13:42:43] [REI-ReloadPlugins/DEBUG] [REI] Plugins (2):
[13:42:43] [REI-ReloadPlugins/DEBUG] [REI]  - (-100,00) DefaultPluginImpl of DefaultPluginImpl [roughlyenoughitems]
[13:42:43] [REI-ReloadPlugins/DEBUG] [REI]  - (0,00) DefaultRuntimePlugin of DefaultRuntimePlugin [roughlyenoughitems]
[13:42:43] [REI-ReloadPlugins/DEBUG] [REI] ========================================
[13:42:43] [REI-ReloadPlugins/TRACE] [REI] [REICommonPlugin END] Reloading Section: "post-register/"
[13:42:43] [REI-ReloadPlugins/TRACE] [REI] [REICommonPlugin END] Reloading Section: "post-register/DefaultPluginImpl of DefaultPluginImpl [roughlyenoughitems]/"
[13:42:43] [REI-ReloadPlugins/TRACE] [REI] [REICommonPlugin END] Reloading Section: "post-register/DefaultPluginImpl of DefaultPluginImpl [roughlyenoughitems]/" done in 17.70 μs
[13:42:43] [REI-ReloadPlugins/TRACE] [REI] [REICommonPlugin END] Reloading Section: "post-register/DefaultRuntimePlugin of DefaultRuntimePlugin [roughlyenoughitems]/"
[13:42:43] [REI-ReloadPlugins/TRACE] [REI] [REICommonPlugin END] Reloading Section: "post-register/DefaultRuntimePlugin of DefaultRuntimePlugin [roughlyenoughitems]/" done in 9.900 μs
[13:42:43] [REI-ReloadPlugins/TRACE] [REI] [REICommonPlugin END] Reloading Section: "post-register/" done in 78.80 μs
[13:42:43] [REI-ReloadPlugins/TRACE] [REI] [REICommonPlugin END] Reloading Section: "post-stage/"
[13:42:43] [REI-ReloadPlugins/TRACE] [REI] [REICommonPlugin END] Reloading Section: "post-stage/SlotAccessorRegistryImpl/"
[13:42:43] [REI-ReloadPlugins/TRACE] [REI] [REICommonPlugin END] Reloading Section: "post-stage/SlotAccessorRegistryImpl/" done in 7.800 μs
[13:42:43] [REI-ReloadPlugins/TRACE] [REI] [REICommonPlugin END] Reloading Section: "post-stage/EntryTypeRegistryImpl/"
[13:42:43] [REI-ReloadPlugins/TRACE] [REI] [REICommonPlugin END] Reloading Section: "post-stage/EntryTypeRegistryImpl/" done in 6.500 μs
[13:42:43] [REI-ReloadPlugins/TRACE] [REI] [REICommonPlugin END] Reloading Section: "post-stage/EntrySettingsAdapterRegistryImpl/"
[13:42:43] [REI-ReloadPlugins/TRACE] [REI] [REICommonPlugin END] Reloading Section: "post-stage/EntrySettingsAdapterRegistryImpl/" done in 7.800 μs
[13:42:43] [REI-ReloadPlugins/TRACE] [REI] [REICommonPlugin END] Reloading Section: "post-stage/ItemComparatorRegistryImpl/"
[13:42:43] [REI-ReloadPlugins/TRACE] [REI] [REICommonPlugin END] Reloading Section: "post-stage/ItemComparatorRegistryImpl/" done in 7.300 μs
[13:42:43] [REI-ReloadPlugins/TRACE] [REI] [REICommonPlugin END] Reloading Section: "post-stage/FluidComparatorRegistryImpl/"
[13:42:43] [REI-ReloadPlugins/TRACE] [REI] [REICommonPlugin END] Reloading Section: "post-stage/FluidComparatorRegistryImpl/" done in 5.900 μs
[13:42:43] [REI-ReloadPlugins/TRACE] [REI] [REICommonPlugin END] Reloading Section: "post-stage/DisplaySerializerRegistryImpl/"
[13:42:43] [REI-ReloadPlugins/TRACE] [REI] [REICommonPlugin END] Reloading Section: "post-stage/DisplaySerializerRegistryImpl/" done in 6.400 μs
[13:42:43] [REI-ReloadPlugins/TRACE] [REI] [REICommonPlugin END] Reloading Section: "post-stage/ServerDisplayRegistryImpl/"
[13:42:43] [REI-ReloadPlugins/TRACE] [REI] [REICommonPlugin END] Reloading Section: "post-stage/ServerDisplayRegistryImpl/" done in 6.400 μs
[13:42:43] [REI-ReloadPlugins/TRACE] [REI] [REICommonPlugin END] Reloading Section: "post-stage/FluidSupportProviderImpl/"
[13:42:43] [REI-ReloadPlugins/TRACE] [REI] [REICommonPlugin END] Reloading Section: "post-stage/FluidSupportProviderImpl/" done in 6.300 μs
[13:42:43] [REI-ReloadPlugins/TRACE] [REI] [REICommonPlugin END] Reloading Section: "post-stage/me.shedaniel.rei.plugin.client.runtime.PluginStageExecutionWatcher$1/"
[13:42:43] [REI-ReloadPlugins/TRACE] [REI] [REICommonPlugin END] Reloading Section: "post-stage/me.shedaniel.rei.plugin.client.runtime.PluginStageExecutionWatcher$1/" done in 10.30 μs
[13:42:43] [REI-ReloadPlugins/TRACE] [REI] [REICommonPlugin END] Reloading Section: "post-stage/" done in 159.1 μs
[13:42:43] [REI-ReloadPlugins/DEBUG] [REI] ========================================
[13:42:43] [REI-ReloadPlugins/INFO] [REI] REICommonPlugin finished post-reload for END in 255.2 μs, totaling 50.23 ms.
[13:42:43] [REI-ReloadPlugins/DEBUG] [REI] ========================================
[13:42:43] [REI-ReloadPlugins/DEBUG] [REI] ========================================
[13:42:43] [REI-ReloadPlugins/DEBUG] [REI] REIClientPlugin starting post-reload for END.
[13:42:43] [REI-ReloadPlugins/DEBUG] [REI] Reloadables (18):
[13:42:43] [REI-ReloadPlugins/DEBUG] [REI]  - EntryRendererRegistryImpl
[13:42:43] [REI-ReloadPlugins/DEBUG] [REI]  - ViewsImpl
[13:42:43] [REI-ReloadPlugins/DEBUG] [REI]  - InputMethodRegistryImpl
[13:42:43] [REI-ReloadPlugins/DEBUG] [REI]  - SearchProviderImpl
[13:42:43] [REI-ReloadPlugins/DEBUG] [REI]  - ConfigManagerImpl
[13:42:43] [REI-ReloadPlugins/DEBUG] [REI]  - EntryRegistryImpl
[13:42:43] [REI-ReloadPlugins/DEBUG] [REI]  - CollapsibleEntryRegistryImpl
[13:42:43] [REI-ReloadPlugins/DEBUG] [REI]  - BasicFilteringRuleImpl
[13:42:43] [REI-ReloadPlugins/DEBUG] [REI]  - CategoryRegistryImpl
[13:42:43] [REI-ReloadPlugins/DEBUG] [REI]  - DisplayRegistryImpl
[13:42:43] [REI-ReloadPlugins/DEBUG] [REI]  - ScreenRegistryImpl
[13:42:43] [REI-ReloadPlugins/DEBUG] [REI]  - FavoriteEntryTypeRegistryImpl
[13:42:43] [REI-ReloadPlugins/DEBUG] [REI]  - SubsetsRegistryImpl
[13:42:43] [REI-ReloadPlugins/DEBUG] [REI]  - TransferHandlerRegistryImpl
[13:42:43] [REI-ReloadPlugins/DEBUG] [REI]  - SearchRuntime
[13:42:43] [REI-ReloadPlugins/DEBUG] [REI]  - REIRuntimeImpl
[13:42:43] [REI-ReloadPlugins/DEBUG] [REI]  - ConfigAddonRegistryImpl
[13:42:43] [REI-ReloadPlugins/DEBUG] [REI]  - me.shedaniel.rei.plugin.client.runtime.PluginStageExecutionWatcher$1
[13:42:43] [REI-ReloadPlugins/DEBUG] [REI] Plugins (3):
[13:42:43] [REI-ReloadPlugins/DEBUG] [REI]  - (-100,00) DefaultClientPluginImpl of DefaultClientPluginImpl [roughlyenoughitems]
[13:42:43] [REI-ReloadPlugins/DEBUG] [REI]  - (0,00) HideIngredientsFromTagsPlugin of HideIngredientsFromTagsPlugin [roughlyenoughitems]
[13:42:43] [REI-ReloadPlugins/DEBUG] [REI]  - (0,00) DefaultClientRuntimePlugin of DefaultClientRuntimePlugin [roughlyenoughitems]
[13:42:43] [REI-ReloadPlugins/DEBUG] [REI] ========================================
[13:42:43] [REI-ReloadPlugins/TRACE] [REI] [REIClientPlugin END] Reloading Section: "post-register/"
[13:42:43] [REI-ReloadPlugins/TRACE] [REI] [REIClientPlugin END] Reloading Section: "post-register/DefaultClientPluginImpl of DefaultClientPluginImpl [roughlyenoughitems]/"
[13:42:43] [REI-ReloadPlugins/TRACE] [REI] [REIClientPlugin END] Reloading Section: "post-register/DefaultClientPluginImpl of DefaultClientPluginImpl [roughlyenoughitems]/" done in 10.60 μs
[13:42:43] [REI-ReloadPlugins/TRACE] [REI] [REIClientPlugin END] Reloading Section: "post-register/HideIngredientsFromTagsPlugin of HideIngredientsFromTagsPlugin [roughlyenoughitems]/"
[13:42:43] [REI-ReloadPlugins/TRACE] [REI] [REIClientPlugin END] Reloading Section: "post-register/HideIngredientsFromTagsPlugin of HideIngredientsFromTagsPlugin [roughlyenoughitems]/" done in 7.300 μs
[13:42:43] [REI-ReloadPlugins/TRACE] [REI] [REIClientPlugin END] Reloading Section: "post-register/DefaultClientRuntimePlugin of DefaultClientRuntimePlugin [roughlyenoughitems]/"
[13:42:43] [REI-ReloadPlugins/TRACE] [REI] [REIClientPlugin END] Reloading Section: "post-register/DefaultClientRuntimePlugin of DefaultClientRuntimePlugin [roughlyenoughitems]/" done in 7.100 μs
[13:42:43] [REI-ReloadPlugins/TRACE] [REI] [REIClientPlugin END] Reloading Section: "post-register/" done in 72.00 μs
[13:42:43] [REI-ReloadPlugins/TRACE] [REI] [REIClientPlugin END] Reloading Section: "post-stage/"
[13:42:43] [REI-ReloadPlugins/TRACE] [REI] [REIClientPlugin END] Reloading Section: "post-stage/EntryRendererRegistryImpl/"
[13:42:43] [REI-ReloadPlugins/TRACE] [REI] [REIClientPlugin END] Reloading Section: "post-stage/EntryRendererRegistryImpl/" done in 7.100 μs
[13:42:43] [REI-ReloadPlugins/TRACE] [REI] [REIClientPlugin END] Reloading Section: "post-stage/ViewsImpl/"
[13:42:43] [REI-ReloadPlugins/TRACE] [REI] [REIClientPlugin END] Reloading Section: "post-stage/ViewsImpl/" done in 5.800 μs
[13:42:43] [REI-ReloadPlugins/TRACE] [REI] [REIClientPlugin END] Reloading Section: "post-stage/InputMethodRegistryImpl/"
[13:42:43] [REI-ReloadPlugins/TRACE] [REI] [REIClientPlugin END] Reloading Section: "post-stage/InputMethodRegistryImpl/" done in 5.600 μs
[13:42:43] [REI-ReloadPlugins/TRACE] [REI] [REIClientPlugin END] Reloading Section: "post-stage/SearchProviderImpl/"
[13:42:43] [REI-ReloadPlugins/TRACE] [REI] [REIClientPlugin END] Reloading Section: "post-stage/SearchProviderImpl/" done in 7.200 μs
[13:42:43] [REI-ReloadPlugins/TRACE] [REI] [REIClientPlugin END] Reloading Section: "post-stage/ConfigManagerImpl/"
[13:42:43] [REI-ReloadPlugins/TRACE] [REI] [REIClientPlugin END] Reloading Section: "post-stage/ConfigManagerImpl/" done in 5.500 μs
[13:42:43] [REI-ReloadPlugins/TRACE] [REI] [REIClientPlugin END] Reloading Section: "post-stage/EntryRegistryImpl/"
[13:42:43] [REI-ReloadPlugins/TRACE] [REI] [REIClientPlugin END] Reloading Section: "post-stage/EntryRegistryImpl/" done in 6.200 μs
[13:42:43] [REI-ReloadPlugins/TRACE] [REI] [REIClientPlugin END] Reloading Section: "post-stage/CollapsibleEntryRegistryImpl/"
[13:42:43] [REI-ReloadPlugins/TRACE] [REI] [REIClientPlugin END] Reloading Section: "post-stage/CollapsibleEntryRegistryImpl/" done in 5.900 μs
[13:42:43] [REI-ReloadPlugins/TRACE] [REI] [REIClientPlugin END] Reloading Section: "post-stage/BasicFilteringRuleImpl/"
[13:42:43] [REI-ReloadPlugins/TRACE] [REI] [REIClientPlugin END] Reloading Section: "post-stage/BasicFilteringRuleImpl/" done in 6.400 μs
[13:42:43] [REI-ReloadPlugins/TRACE] [REI] [REIClientPlugin END] Reloading Section: "post-stage/CategoryRegistryImpl/"
[13:42:43] [REI-ReloadPlugins/TRACE] [REI] [REIClientPlugin END] Reloading Section: "post-stage/CategoryRegistryImpl/" done in 5.900 μs
[13:42:43] [REI-ReloadPlugins/TRACE] [REI] [REIClientPlugin END] Reloading Section: "post-stage/DisplayRegistryImpl/"
[13:42:43] [REI-ReloadPlugins/DEBUG] [REI] Registered displays report (3557 displays, 0 cached / 3557 not cached):
[13:42:43] [REI-ReloadPlugins/DEBUG] [REI] - minecraft:plugins/anvil: 2163 displays
[13:42:43] [REI-ReloadPlugins/DEBUG] [REI] - minecraft:plugins/beacon_base: 1 display
[13:42:43] [REI-ReloadPlugins/DEBUG] [REI] - minecraft:plugins/beacon_payment: 1 display
[13:42:43] [REI-ReloadPlugins/DEBUG] [REI] - minecraft:plugins/brewing: 279 displays
[13:42:43] [REI-ReloadPlugins/DEBUG] [REI] - minecraft:plugins/composting: 4 displays
[13:42:43] [REI-ReloadPlugins/DEBUG] [REI] - minecraft:plugins/oxidation_scraping: 45 displays
[13:42:43] [REI-ReloadPlugins/DEBUG] [REI] - minecraft:plugins/oxidizing: 45 displays
[13:42:43] [REI-ReloadPlugins/DEBUG] [REI] - minecraft:plugins/pathing: 6 displays
[13:42:43] [REI-ReloadPlugins/DEBUG] [REI] - minecraft:plugins/stripping: 23 displays
[13:42:43] [REI-ReloadPlugins/DEBUG] [REI] - minecraft:plugins/tag: 870 displays
[13:42:43] [REI-ReloadPlugins/DEBUG] [REI] - minecraft:plugins/wax_scraping: 60 displays
[13:42:43] [REI-ReloadPlugins/DEBUG] [REI] - minecraft:plugins/waxing: 60 displays
[13:42:43] [REI-ReloadPlugins/TRACE] [REI] [REIClientPlugin END] Reloading Section: "post-stage/DisplayRegistryImpl/" done in 1.053 ms
[13:42:43] [REI-ReloadPlugins/TRACE] [REI] [REIClientPlugin END] Reloading Section: "post-stage/ScreenRegistryImpl/"
[13:42:43] [REI-ReloadPlugins/TRACE] [REI] [REIClientPlugin END] Reloading Section: "post-stage/ScreenRegistryImpl/" done in 11.50 μs
[13:42:43] [REI-ReloadPlugins/TRACE] [REI] [REIClientPlugin END] Reloading Section: "post-stage/FavoriteEntryTypeRegistryImpl/"
[13:42:43] [REI-ReloadPlugins/TRACE] [REI] [REIClientPlugin END] Reloading Section: "post-stage/FavoriteEntryTypeRegistryImpl/" done in 8.300 μs
[13:42:43] [REI-ReloadPlugins/TRACE] [REI] [REIClientPlugin END] Reloading Section: "post-stage/SubsetsRegistryImpl/"
[13:42:43] [REI-ReloadPlugins/TRACE] [REI] [REIClientPlugin END] Reloading Section: "post-stage/SubsetsRegistryImpl/" done in 9.000 μs
[13:42:43] [REI-ReloadPlugins/TRACE] [REI] [REIClientPlugin END] Reloading Section: "post-stage/TransferHandlerRegistryImpl/"
[13:42:43] [REI-ReloadPlugins/TRACE] [REI] [REIClientPlugin END] Reloading Section: "post-stage/TransferHandlerRegistryImpl/" done in 7.200 μs
[13:42:43] [REI-ReloadPlugins/TRACE] [REI] [REIClientPlugin END] Reloading Section: "post-stage/SearchRuntime/"
[13:42:43] [REI-ReloadPlugins/TRACE] [REI] [REIClientPlugin END] Reloading Section: "post-stage/SearchRuntime/" done in 6.800 μs
[13:42:43] [REI-ReloadPlugins/TRACE] [REI] [REIClientPlugin END] Reloading Section: "post-stage/REIRuntimeImpl/"
[13:42:43] [REI-ReloadPlugins/TRACE] [REI] [REIClientPlugin END] Reloading Section: "post-stage/REIRuntimeImpl/" done in 5.800 μs
[13:42:43] [REI-ReloadPlugins/TRACE] [REI] [REIClientPlugin END] Reloading Section: "post-stage/ConfigAddonRegistryImpl/"
[13:42:43] [REI-ReloadPlugins/TRACE] [REI] [REIClientPlugin END] Reloading Section: "post-stage/ConfigAddonRegistryImpl/" done in 6.800 μs
[13:42:43] [REI-ReloadPlugins/TRACE] [REI] [REIClientPlugin END] Reloading Section: "post-stage/me.shedaniel.rei.plugin.client.runtime.PluginStageExecutionWatcher$1/"
[13:42:43] [REI-ReloadPlugins/TRACE] [REI] [REIClientPlugin END] Reloading Section: "post-stage/me.shedaniel.rei.plugin.client.runtime.PluginStageExecutionWatcher$1/" done in 7.500 μs
[13:42:43] [REI-ReloadPlugins/TRACE] [REI] [REIClientPlugin END] Reloading Section: "post-stage/" done in 1.377 ms
[13:42:43] [REI-ReloadPlugins/DEBUG] [REI] ========================================
[13:42:43] [REI-ReloadPlugins/INFO] [REI] REIClientPlugin finished post-reload for END in 1.465 ms, totaling 302.5 ms.
[13:42:43] [REI-ReloadPlugins/DEBUG] [REI] ========================================
[13:42:43] [Server thread/DEBUG] [REI] Player Dev has outdated displays version DCD42BA200000000 [latest version: B9B8B87D00000000]
[13:42:43] [Server thread/DEBUG] [REI] Player Dev has outdated displays version DCD42BA200000000 [latest version: B9B8B87D00000000], sending reset packet request.
[13:42:44] [Server thread/DEBUG] [REI] Updating players with new displays version B9B8B87D00000001 [from B9B8B87D00000000]
[13:42:44] [Server thread/DEBUG] [REI] Player Dev has outdated displays version B9B8B87D00000000 [latest version: B9B8B87D00000001], sending reset packet request.
[13:42:44] [Render thread/INFO] [REI] [REI Server Display Sync] Received server's request to set 1940 recipes.
[13:42:45] [Render thread/WARN] [REI] Detected runtime DisplayRegistry modification, this can be extremely dangerous!
[13:42:45] [Render thread/DEBUG] [REI] Detected runtime DisplayRegistry modification, this can be extremely dangerous!
java.lang.Throwable
	at TRANSFORMER/roughlyenoughitems@26.1.819/me.shedaniel.rei.impl.client.registry.display.DisplayRegistryImpl.add(DisplayRegistryImpl.java:105)
	at TRANSFORMER/roughlyenoughitems@26.1.819/me.shedaniel.rei.impl.common.networking.DisplaySyncPacket.lambda$handle$0(DisplaySyncPacket.java:111)
	at TRANSFORMER/roughlyenoughitems@26.1.819/me.shedaniel.rei.impl.client.registry.display.DisplayRegistryImpl.lambda$new$0(DisplayRegistryImpl.java:80)
	at java.base/java.lang.invoke.MethodHandle.invokeWithArguments(MethodHandle.java:735)
	at TRANSFORMER/architectury@20.0.4/dev.architectury.event.EventFactory.invokeMethod(EventFactory.java:54)
	at TRANSFORMER/architectury@20.0.4/dev.architectury.event.EventFactory$1.handleInvocation(EventFactory.java:63)
	at com.google.common.reflect.AbstractInvocationHandler.invoke(AbstractInvocationHandler.java:86)
	at TRANSFORMER/jdk.proxy3/jdk.proxy3.$Proxy67.tick(Unknown Source)
	at TRANSFORMER/architectury@20.0.4/dev.architectury.event.forge.EventHandlerImplClient.event(EventHandlerImplClient.java:60)
	at net.neoforged.bus.EventBus.post(EventBus.java:360)
	at net.neoforged.bus.EventBus.post(EventBus.java:328)
	at TRANSFORMER/neoforge@26.1.2.39-beta/net.neoforged.neoforge.client.ClientHooks.fireClientTickPost(ClientHooks.java:910)
	at TRANSFORMER/minecraft@26.1.2/net.minecraft.client.Minecraft.tick(Minecraft.java:1986)
	at TRANSFORMER/minecraft@26.1.2/net.minecraft.client.Minecraft.runTick(Minecraft.java:1311)
	at TRANSFORMER/minecraft@26.1.2/net.minecraft.client.Minecraft.run(Minecraft.java:940)
	at TRANSFORMER/minecraft@26.1.2/net.minecraft.client.main.Main.main(Main.java:246)
	at net.neoforged.fml.startup.Client.main(Client.java:19)
	at java.base/jdk.internal.reflect.DirectMethodHandleAccessor.invoke(DirectMethodHandleAccessor.java:104)
	at java.base/java.lang.reflect.Method.invoke(Method.java:565)
	at net.neoforged.devlaunch.Main.main(Main.java:57)
[13:42:51] [Render thread/DEBUG] [REI] Player quit, clearing reload tasks!
[13:42:51] [Render thread/DEBUG] [REI] Did not fulfill the request of termination of REI reload tasks because there are no uninterrupted running tasks. This is not an error.
